,NOBO Option Symbols as of 09/08/2025
,Number of Issues - 3112

Symbol,Company Name, Lead Market Maker
A,"AGILENT TECH INC","WOLVERINE TRADING, LLC"
AA,"ALCOA CORP","IMC-CHICAGO, LLC"
AACT,"ARES ACQUISITION CORP IISHS CLASS A","BELVEDERE TRADING LLC"
AAL,"AMERICAN AIRLINES GP","WOLVERINE TRADING, LLC"
AAMI,"Acadian Asset  Management Inc.","CITADEL SECURITIES LLC"
AAOI,"APPLIED OPTOELECT CM","CITADEL SECURITIES LLC"
AAP,"ADVANCE AUTO PARTS","IMC-CHICAGO, LLC"
AAPB,"GRANITESHARES 1.75X LONG AAPL DAILY ETF","WOLVERINE TRADING, LLC"
AAPD,"DIREXION DAILY AAPL BEAR 1X SHARES","WOLVERINE TRADING, LLC"
AAPL,"APPLE INC.","WOLVERINE TRADING, LLC"
AAPU,"DIREXION DAILY AAPL BULL 1.5X SHARES","CITADEL SECURITIES LLC"
AB,"ALLIANCEBERNSTEIN","WOLVERINE TRADING, LLC"
ABAT,"AMERICAN BATTERY TECHNOLOGYCOM NEW","SIMPLEX TRADING, LLC"
ABBV,"Abbvie Inc.","CITADEL SECURITIES LLC"
ABCL,"ABCELLERA BIOLOGICS INCCOM","CITADEL SECURITIES LLC"
ABEO,"Abeona Therapeutics Inc.","SUSQUEHANNA SECURITIES, LLC"
ABEV,"Ambev S.A. ADR","CITADEL SECURITIES LLC"
ABL,"Abacus Life, Inc.","IMC-CHICAGO, LLC"
ABNB,"AIRBNB INCCOM CL A","IMC-CHICAGO, LLC"
ABOS,"ACUMEN PHARMACEUTICALS INCCOM","CITADEL SECURITIES LLC"
ABR,"ARBOR RLTY TR INCCOM","CITADEL SECURITIES LLC"
ABSI,"ABSCI CORPORATIONCOM","SUSQUEHANNA SECURITIES, LLC"
ABT,"ABBOTT LABORATORIES","IMC-CHICAGO, LLC"
ABUS,"ARBUTUS BIOPHARMA CP","SUSQUEHANNA SECURITIES, LLC"
ABVC,"ABVC BIOPHARMA INCCOM NEW","JANE STREET OPTIONS, LLC"
ACA,"ARCOSA INCCOM","CITADEL SECURITIES LLC"
ACAD,"ACADIA PHARMACEUTICA","CITADEL SECURITIES LLC"
ACB,"AURORA CANNABIS INCCOM","CITADEL SECURITIES LLC"
ACDC,"PROFRAC HLDG CORPCLASS A COM","CITADEL SECURITIES LLC"
ACET,"Adicet Bio, Inc.","SUSQUEHANNA SECURITIES, LLC"
ACHC,"ACADIA HEALTHCARE COMPANY INCOM","CITADEL SECURITIES LLC"
ACHR,"Archer Aviation Inc","SUSQUEHANNA SECURITIES, LLC"
ACHV,"ACHIEVE LIFE SCIENCES INCCOM","CITADEL SECURITIES LLC"
ACI,"ALBERTSONS COS INCCOMMON STOCK","SUSQUEHANNA SECURITIES, LLC"
ACIC,"American Coastal  Insurance Corporation","CITADEL SECURITIES LLC"
ACIO,"APTUS COLLARED INVESTMENT OPPORTUNITY ETF","CITADEL SECURITIES LLC"
ACIU,"AC IMMUNE SASHS","CITADEL SECURITIES LLC"
ACLX,"ARCELLX INCCOMMON STOCK","SIMPLEX TRADING, LLC"
ACM,"AECOM","CITADEL SECURITIES LLC"
ACMR,"ACM RESEARCH INCCOM CL A","CITADEL SECURITIES LLC"
ACN,"ACCENTURE PLC","IMC-CHICAGO, LLC"
ACNB,"ACNB CORP","SUSQUEHANNA SECURITIES, LLC"
ACNT,"Ascent Industries Co.","SUSQUEHANNA SECURITIES, LLC"
ACRS,"ACLARIS THERAPEUTICS INCCOM","CITADEL SECURITIES LLC"
ACT,"ENACT HLDGS INCCOM","WOLVERINE TRADING, LLC"
ACTG,"ACACIA RES-ACACIA","CITADEL SECURITIES LLC"
ACVA,"ACV AUCTIONS INCCL A","WOLVERINE TRADING, LLC"
ACWI,"ISHARES MSCI ACWI","CITADEL SECURITIES LLC"
ADAM,"Adamas Trust, Inc.","CITADEL SECURITIES LLC"
ADAP,"ADAPTIMMUNE THERAPEUTICS PLCSPONDS ADR","BELVEDERE TRADING LLC"
ADBE,"ADOBE INC","CITADEL SECURITIES LLC"
ADC,"AGREE REALTY CORP","CITADEL SECURITIES LLC"
ADCT,"ADC THERAPEUTICS SASHS","CITADEL SECURITIES LLC"
ADI,"ANALOG DEVICES CMN","CITADEL SECURITIES LLC"
ADM,"ARCHER DANIELS MDLND","WOLVERINE TRADING, LLC"
ADMA,"ADMA BIOLOGICS INCCOM","SUSQUEHANNA SECURITIES, LLC"
ADNT,"ADIENT PLC","CITADEL SECURITIES LLC"
ADP,"AUTOMATIC DATA PROCS","CITADEL SECURITIES LLC"
ADSE,"ADS-TEC ENERGY PLC","BELVEDERE TRADING LLC"
ADSK,"AUTODESK INC","IMC-CHICAGO, LLC"
ADT,"ADT INC.","SUSQUEHANNA SECURITIES, LLC"
ADTN,"ADTRAN INC","CITADEL SECURITIES LLC"
ADUR,"ADURO CLEAN TECHNOLOGIES INCCOM NEW","JANE STREET OPTIONS, LLC"
ADVM,"ADVERUM BIOTECHNLGS","CITADEL SECURITIES LLC"
AEE,"AMEREN CP","CITADEL SECURITIES LLC"
AEHR,"AEHR TEST SYSCOM","CITADEL SECURITIES LLC"
AEM,"AGNICO EAGLE MINES","WOLVERINE TRADING, LLC"
AEO,"AMER EAGLE OUTFITTER","WOLVERINE TRADING, LLC"
AEP,"AMER ELECTRIC POW CO","WOLVERINE TRADING, LLC"
AER,"AERCAP HOLDINGS N.V.","WOLVERINE TRADING, LLC"
AES,"THE AES CORPORATION","SUSQUEHANNA SECURITIES, LLC"
AESI,"ATLAS ENERGY SOLUTIONS INCCOM CLASS A","SUSQUEHANNA SECURITIES, LLC"
AETH,"BITWISE FUNDS TRUSTETHEREUM STRTGY","SIMPLEX TRADING, LLC"
AEVA,"Aeva Technologies, Inc.","SUSQUEHANNA SECURITIES, LLC"
AEYE,"AUDIOEYE INCCOM NEW","CITADEL SECURITIES LLC"
AFCG,"AFC GAMMA INCCOM","CITADEL SECURITIES LLC"
AFL,"A F L A C INC","SUSQUEHANNA SECURITIES, LLC"
AFRM,"AFFIRM HLDGS INCCOM CL A","CITADEL SECURITIES LLC"
AG,"FIRST MAJESTIC SILVE","WOLVERINE TRADING, LLC"
AGCO,"AGCO CP","WOLVERINE TRADING, LLC"
AGEN,"AGENUS INC.","CITADEL SECURITIES LLC"
AGI,"ALAMOS GOLD INC.","CITADEL SECURITIES LLC"
AGIO,"AGIOS PHARMACEUTICAL","CITADEL SECURITIES LLC"
AGL,"AGILON HEALTH INCCOM","CITADEL SECURITIES LLC"
AGNC,"AGNC INVESTMENT CORP","WOLVERINE TRADING, LLC"
AGO,"ASSURED GUARANTY LTD","WOLVERINE TRADING, LLC"
AGQ,"PROSHARES","SUSQUEHANNA SECURITIES, LLC"
AHCO,"ADAPTHEALTH CORPCOM CL A","SUSQUEHANNA SECURITIES, LLC"
AI,"C3 AI INCCL A","IMC-CHICAGO, LLC"
AIG,"AMER INTL GROUP NEW","WOLVERINE TRADING, LLC"
AIOT,"PowerFleet, Inc.","CITADEL SECURITIES LLC"
AIP,"ARTERIS INCCOM","CITADEL SECURITIES LLC"
AIPI,"ETF OPPORTUNITIES TRUSTREX AI EQUITY PR","SIMPLEX TRADING, LLC"
AIR,"A A R CP","SUSQUEHANNA SECURITIES, LLC"
AIRG,"AIRGAIN INCCOM","WOLVERINE TRADING, LLC"
AIRJ,"AIRJOULE TECHNOLOGIES CORPCL A","CITADEL SECURITIES LLC"
AIRO,"AIRO GROUP HLDGS INCCOM","IMC-CHICAGO, LLC"
AIRR,"FIRST TR EXCHANGE-TRADED FDRBA INDL ETF","SIMPLEX TRADING, LLC"
AIRS,"AIRSCULPT TECHNOLOGIES INCCOM","CITADEL SECURITIES LLC"
AISP,"Airship AI Holdings, Inc.","CITADEL SECURITIES LLC"
AKAM,"AKAMAI TECHNOLOGIES","SUSQUEHANNA SECURITIES, LLC"
AKBA,"AKEBIA THERAPEUTICS","CITADEL SECURITIES LLC"
AKRO,"AKERO THERAPEUTICS INCCOM","CITADEL SECURITIES LLC"
AL,"AIR LEASING CORP","CITADEL SECURITIES LLC"
ALAB,"ASTERA LABS INCCOM","WOLVERINE TRADING, LLC"
ALB,"ALBEMARLE CP","IMC-CHICAGO, LLC"
ALC,"Alcon Inc.","SUSQUEHANNA SECURITIES, LLC"
ALDX,"ALDEYRA THERAPEUTICS INCCOM","CITADEL SECURITIES LLC"
ALEC,"ALECTOR INCCOM","CITADEL SECURITIES LLC"
ALG,"ALAMO GROUP INC","WOLVERINE TRADING, LLC"
ALGM,"ALLEGRO MICROSYSTEMS INCCOM","CITADEL SECURITIES LLC"
ALGN,"ALIGN TECHNOLOGY I","IMC-CHICAGO, LLC"
ALGT,"ALLEGIANT TRAVEL COM","CITADEL SECURITIES LLC"
ALHC,"ALIGNMENT HEALTHCARE INCCOM","WOLVERINE TRADING, LLC"
ALIT,"Alight, Inc","CITADEL SECURITIES LLC"
ALK,"ALASKA AIR GROUP INC","CITADEL SECURITIES LLC"
ALKS,"ALKERMES PLC","CITADEL SECURITIES LLC"
ALKT,"ALKAMI TECHNOLOGY INCCOM","CITADEL SECURITIES LLC"
ALL,"ALLSTATE CP","CITADEL SECURITIES LLC"
ALLE,"ALLEGION PLC","SUSQUEHANNA SECURITIES, LLC"
ALLO,"ALLOGENE THERAPEUTICS INCCOM","CITADEL SECURITIES LLC"
ALLT,"ALLOT LTD.","SUSQUEHANNA SECURITIES, LLC"
ALLY,"ALLY FINANCIAL","CITADEL SECURITIES LLC"
ALMS,"ALUMIS INCCOM","SUSQUEHANNA SECURITIES, LLC"
ALMU,"AELUMA INCCOM","SUSQUEHANNA SECURITIES, LLC"
ALNY,"ALNYLAM PHARMACEUT","CITADEL SECURITIES LLC"
ALRS,"ALERUS FINANCIAL CORP","SIMPLEX TRADING, LLC"
ALSN,"ALLISON TRANSMISSION","CITADEL SECURITIES LLC"
ALT,"Altimmune, Inc.","CITADEL SECURITIES LLC"
ALTI,"AlTi Global, Inc.","SIMPLEX TRADING, LLC"
ALTO,"PACIFIC ETHANOL INC","WOLVERINE TRADING, LLC"
ALTS,"ALT5 SIGMA CORPCOM","IMC-CHICAGO, LLC"
AM,"Antero Midstream Corporation","CITADEL SECURITIES LLC"
AMAL,"Amalgamated Financial Corporation","CITADEL SECURITIES LLC"
AMAT,"APPLIED MATERIALS","CITADEL SECURITIES LLC"
AMBA,"AMBARELLA, INC.","IMC-CHICAGO, LLC"
AMBC,"AMBAC FINANCIAL GRP","CITADEL SECURITIES LLC"
AMBP,"Ardagh Metal  Packaging S.A","SUSQUEHANNA SECURITIES, LLC"
AMBR,"Amber International Holding Limited","SUSQUEHANNA SECURITIES, LLC"
AMC,"AMC ENTERTAINMENT HL","CITADEL SECURITIES LLC"
AMCX,"AMC NETWORKS CL A","CITADEL SECURITIES LLC"
AMD,"ADVANCED MICRO DEVICES INC","OPTIVER US LLC"
AMDL,"GRANITESHARES ETF TRGRANITE 2X LONG","CITADEL SECURITIES LLC"
AMDY,"TIDAL ETF TR IIYIELDMAX AMD OPT","CITADEL SECURITIES LLC"
AME,"AMETEK INC","CITADEL SECURITIES LLC"
AMG,"AFFILIATED MGRS GRP","CITADEL SECURITIES LLC"
AMGN,"AMGEN","CITADEL SECURITIES LLC"
AMKR,"AMKOR TECHNOLOGY","SUSQUEHANNA SECURITIES, LLC"
AMLP,"ALERIAN MLP","WOLVERINE TRADING, LLC"
AMLX,"AMYLYX PHARMACEUTICALS INCCOM","CITADEL SECURITIES LLC"
AMN,"AMN HEALTHCARE SVCS","SUSQUEHANNA SECURITIES, LLC"
AMP,"AMERIPRISE FINANCIAL","CITADEL SECURITIES LLC"
AMPL,"AMPLITUDE INCCOM CL A","SUSQUEHANNA SECURITIES, LLC"
AMPX,"AMPRIUS TECHNOLOGIES INCCOMMON STOCK","SUSQUEHANNA SECURITIES, LLC"
AMPY,"Amplify Energy Corporation","SUSQUEHANNA SECURITIES, LLC"
AMR,"Alpha Metallurgical Resources, Inc.","CITADEL SECURITIES LLC"
AMRK,"A-MARK PRECIOUS METALS INCCOM","*** No LMM ***"
AMRN,"AMARIN CORP ADS","SUSQUEHANNA SECURITIES, LLC"
AMRX,"Amneal Pharmaceuticals, Inc.","CITADEL SECURITIES LLC"
AMRZ,"AMRIZE LTDSHS","SUSQUEHANNA SECURITIES, LLC"
AMSC,"AMER SUPERCONDUCTOR","CITADEL SECURITIES LLC"
AMT,"AMER TOWER CP","IMC-CHICAGO, LLC"
AMTB,"Amerant Bancorp Inc. Class A","WOLVERINE TRADING, LLC"
AMTX,"AEMETIS INCCOM NEW","SUSQUEHANNA SECURITIES, LLC"
AMWL,"AMERICAN WELL CORPCL A","CITADEL SECURITIES LLC"
AMX,"AMERICA MOVIL, S.A.B","CITADEL SECURITIES LLC"
AMZD,"DIREXION SHS ETF TRDAILY AMZN BR 1X","SIMPLEX TRADING, LLC"
AMZN,"AMAZON.COM INC","OPTIVER US LLC"
AMZU,"Direxion Daily AMZN Bull 2X Shares","BELVEDERE TRADING LLC"
AN,"AUTONATION INC","WOLVERINE TRADING, LLC"
ANET,"ARISTA NETWORKS, INC","CITADEL SECURITIES LLC"
ANF,"ABERCROMBIE & FITCH","WOLVERINE TRADING, LLC"
ANIK,"ANIKA THERAPEUTICS","CITADEL SECURITIES LLC"
ANIP,"ANI  PHARMA INC","CITADEL SECURITIES LLC"
ANIX,"ANIXA BIOSCIENCES INCCOM","CITADEL SECURITIES LLC"
ANNX,"ANNEXON INCCOM","SUSQUEHANNA SECURITIES, LLC"
ANRO,"ALTO NEUROSCIENCE INCCOM SHS","SIMPLEX TRADING, LLC"
ANVS,"ANNOVIS BIO INCCOM","BELVEDERE TRADING LLC"
ANY,"SPHERE 3D CORP NEWCOM","SUSQUEHANNA SECURITIES, LLC"
AON,"AON plc","WOLVERINE TRADING, LLC"
AOS,"SMITH A O CORP","CITADEL SECURITIES LLC"
AOSL,"ALPHA & OMEGA SEMICONDUCTORSHS","CITADEL SECURITIES LLC"
AOUT,"AMERICAN OUTDOOR BRANDS INCCOM","CITADEL SECURITIES LLC"
AP,"Ampco Pittsburgh Corporation","BELVEDERE TRADING LLC"
APA,"APACHE CP","WOLVERINE TRADING, LLC"
APD,"AIR PRODUCTS CHEM","SUSQUEHANNA SECURITIES, LLC"
APGE,"APOGEE THERAPEUTICS INCCOM","CITADEL SECURITIES LLC"
APH,"AMPHENOL CP","CITADEL SECURITIES LLC"
API,"AGORA INCADS","CITADEL SECURITIES LLC"
APLD,"APPLIED DIGITAL CORPCOM NEW","WOLVERINE TRADING, LLC"
APLS,"APELLIS PHARMACEUTICALS INCCOM","CITADEL SECURITIES LLC"
APLT,"APPLIED THERAPEUTICS INCCOM","CITADEL SECURITIES LLC"
APO,"APOLLO GLOBAL MANAGEMENT, INC.","CITADEL SECURITIES LLC"
APP,"APPLOVIN CORPCOM CL A","CITADEL SECURITIES LLC"
APPF,"APPFOLIO INCCOM CL A","SIMPLEX TRADING, LLC"
APPN,"APPIAN CORPCL A","CITADEL SECURITIES LLC"
APPS,"DIGITAL TURBINE CMN","CITADEL SECURITIES LLC"
APPX,"INVESTMENT MANAGERS SER TR ITRADR 2X LONG","CITADEL SECURITIES LLC"
APT,"ALPHA PRO TECH","CITADEL SECURITIES LLC"
APTV,"Aptiv PLC","SUSQUEHANNA SECURITIES, LLC"
AQN,"ALGONQUIN PWR UTILS CORPCOM","CITADEL SECURITIES LLC"
AQST,"AQUESTIVE THERAPEUTICS INCCOM","CITADEL SECURITIES LLC"
AQWA,"GLOBAL X FDSCLEAN WTR ETF","BELVEDERE TRADING LLC"
AR,"ANTERO RESOURCES CP","IMC-CHICAGO, LLC"
ARAY,"ACCURAY INCORPORATED","WOLVERINE TRADING, LLC"
ARBE,"Arbe Robotics Ltd.","SUSQUEHANNA SECURITIES, LLC"
ARBK,"ARGO BLOCKCHAIN PLCADS","WOLVERINE TRADING, LLC"
ARCB,"ARCBEST CORP","WOLVERINE TRADING, LLC"
ARCC,"ARES CAPITAL CORP","CITADEL SECURITIES LLC"
ARCO,"ARCOS DORADOS HLDGS","WOLVERINE TRADING, LLC"
ARCT,"Arcturus Therapeutics Holdings Inc.","CITADEL SECURITIES LLC"
ARDT,"ARDENT HEALTH PARTNERS INCCOM","IMC-CHICAGO, LLC"
ARDX,"ARDELYX INCCOM","CITADEL SECURITIES LLC"
AREC,"AMERICAN RES CORPCOM NEW","CITADEL SECURITIES LLC"
AREN,"THE ARENA GROUP HOLDINGS INCCOM","CITADEL SECURITIES LLC"
ARHS,"ARHAUS INCCOM CL A","CITADEL SECURITIES LLC"
ARIS,"ARIS WATER SOLUTIONS INCCLASS A COM","CITADEL SECURITIES LLC"
ARKB,"Ark 21Shares Bitcoin ETF","SUSQUEHANNA SECURITIES, LLC"
ARKF,"ARK ETF TRFINTECH INNOVA","WOLVERINE TRADING, LLC"
ARKG,"ARK ETF TRGENOMIC REV ETF","CITADEL SECURITIES LLC"
ARKK,"ARK INNOVATION ETF","CITADEL SECURITIES LLC"
ARKO,"ARKO Corp. Common Stock","CITADEL SECURITIES LLC"
ARKQ,"ARK ETF TRAUTNMUS TECHNLGY","CITADEL SECURITIES LLC"
ARKW,"ARK Next Generation Internet ETF","SUSQUEHANNA SECURITIES, LLC"
ARLP,"ALLIANCE RESOURCE PT","CITADEL SECURITIES LLC"
ARM,"ARM HOLDINGS PLCSPONSORED ADR","IMC-CHICAGO, LLC"
ARMK,"ARAMARK","SUSQUEHANNA SECURITIES, LLC"
ARMN,"ARIS MINING CORPORATION","WOLVERINE TRADING, LLC"
AROC,"Archrock, Inc.","WOLVERINE TRADING, LLC"
AROW,"ARROW FINL CORPCOM","CITADEL SECURITIES LLC"
ARQ,"Arq, Inc","CITADEL SECURITIES LLC"
ARQQ,"Arqit Quantum Inc.","WOLVERINE TRADING, LLC"
ARQT,"ARCUTIS BIOTHERAPEUTICS INCCOM","SUSQUEHANNA SECURITIES, LLC"
ARR,"ARMOUR RESIDENTIAL R","WOLVERINE TRADING, LLC"
ARRY,"ARRAY TECHNOLOGIES INCCOM SHS","CITADEL SECURITIES LLC"
ARW,"ARROW ELCTS","CITADEL SECURITIES LLC"
ARWR,"Arrowhead Pharmaceuticals, Inc. Common Stock","CITADEL SECURITIES LLC"
AS,"AMER SPORTS INCCOM SHS","IMC-CHICAGO, LLC"
ASAN,"ASANA INCCL A","IMC-CHICAGO, LLC"
ASGN,"ON ASSIGNMENT INC","SUSQUEHANNA SECURITIES, LLC"
ASH,"ASHLAND GLOBAL","WOLVERINE TRADING, LLC"
ASHR,"XTRACKERS HARVEST CS","SUSQUEHANNA SECURITIES, LLC"
ASLE,"AERSALE CORPORATIONCOM","CITADEL SECURITIES LLC"
ASMG,"THEMES ETF TRLEVERAGE SHARES","BELVEDERE TRADING LLC"
ASML,"ASML HLDG NY REG","CITADEL SECURITIES LLC"
ASO,"ACADEMY SPORTS & OUTDOORS INCOM","CITADEL SECURITIES LLC"
ASPI,"ASP ISOTOPES INCCOM","WOLVERINE TRADING, LLC"
ASRT,"Assertio Holdings, Inc.","CITADEL SECURITIES LLC"
ASST,"ASSET ENTITIES INCCL B NEW","SUSQUEHANNA SECURITIES, LLC"
ASTH,"Astrana Health Inc.","SUSQUEHANNA SECURITIES, LLC"
ASTL,"Algoma Steel Group Inc.","CITADEL SECURITIES LLC"
ASTS,"AST  SpaceMobile, Inc.","SUSQUEHANNA SECURITIES, LLC"
ASUR,"ASURE SOFTWARE INCCOM","SIMPLEX TRADING, LLC"
ASX,"ASE TECHNOLOGY HLDG CO LTDSPONSORED ADS","CITADEL SECURITIES LLC"
ATAI,"ATAI LIFE SCIENCES NVSHS","CITADEL SECURITIES LLC"
ATAT,"ATOUR LIFESTYLE HLDGS LTDSPONSORED ADS","CITADEL SECURITIES LLC"
ATEC,"Alphatec Holdings Inc.","CITADEL SECURITIES LLC"
ATER,"Aterian, Inc.","WOLVERINE TRADING, LLC"
ATEX,"Anterix Inc.","CITADEL SECURITIES LLC"
ATGE,"ADTALEM GLOBAL EDUCA","CITADEL SECURITIES LLC"
ATHA,"ATHIRA PHARMA INCCOM","CITADEL SECURITIES LLC"
ATHM,"AUTOHOME INC.","CITADEL SECURITIES LLC"
ATI,"ALLEGHENY TECH NEW","SUSQUEHANNA SECURITIES, LLC"
ATKR,"Atkore Inc.","SUSQUEHANNA SECURITIES, LLC"
ATLO,"AMES NATL CORPCOM","CITADEL SECURITIES LLC"
ATLX,"ATLAS LITHIUM CORP","CITADEL SECURITIES LLC"
ATMU,"ATMUS FILTRATION TECHNOLOGIECOM","CITADEL SECURITIES LLC"
ATNM,"ACTINIUM PHARMACEUTICALS INCCOM","CITADEL SECURITIES LLC"
ATOM,"ATOMERA INCCOM","WOLVERINE TRADING, LLC"
ATOS,"Atossa Therapeutics, Inc.","CITADEL SECURITIES LLC"
ATRO,"ASTRONICS CORPCOM","WOLVERINE TRADING, LLC"
ATS,"ATS CORPORATION","SIMPLEX TRADING, LLC"
ATUS,"ALTICE USA INCCL A","WOLVERINE TRADING, LLC"
ATXS,"Astria Therapeutics, Inc.","CITADEL SECURITIES LLC"
ATYR,"ATYR PHARMA INCCOM NEW","CITADEL SECURITIES LLC"
AU,"ANGLOGOLD ASHANTI LT","CITADEL SECURITIES LLC"
AUPH,"AURINIA PHARMACEUTICALS INCCOM","CITADEL SECURITIES LLC"
AUR,"Aurora  Innovation, Inc.","CITADEL SECURITIES LLC"
AURA,"AURA BIOSCIENCES INCCOM","CITADEL SECURITIES LLC"
AUTL,"AUTOLUS THERAPEUTICS PLCSPON ADS","BELVEDERE TRADING LLC"
AVAH,"AVEANNA HEALTHCARE HLDGS INCCOM","WOLVERINE TRADING, LLC"
AVAV,"AEROVIRONMENT, INC.","WOLVERINE TRADING, LLC"
AVB,"AVALONBAY CMTYS","CITADEL SECURITIES LLC"
AVBP,"ARRIVENT BIOPHARMA INCCOM","BELVEDERE TRADING LLC"
AVD,"AMER VANGUARD CP","SUSQUEHANNA SECURITIES, LLC"
AVDL,"Avadel Pharmaceuticals plc","CITADEL SECURITIES LLC"
AVDV,"AMERICAN CENTY ETF TRINTL SMCP VLU","BELVEDERE TRADING LLC"
AVDX,"AVIDXCHANGE HOLDINGS INCCOM","SUSQUEHANNA SECURITIES, LLC"
AVEM,"AMERICAN CENTY ETF TRAVANTIS EMGMKT","SIMPLEX TRADING, LLC"
AVGE,"AMERICAN CENTY ETF TRAVANTIS ALL EQT","SIMPLEX TRADING, LLC"
AVGO,"BROADCOM LTD","IMC-CHICAGO, LLC"
AVGV,"AMERICAN CENTY ETF TRAVANTIS ALL EQT","BELVEDERE TRADING LLC"
AVGX,"TIDAL TR IIDEF DLY TGT AVGO","IMC-CHICAGO, LLC"
AVIR,"ATEA PHARMACEUTICALS INCCOM","SUSQUEHANNA SECURITIES, LLC"
AVL,"DIREXION SHS ETF TRDAILY AVGO BULL","CITADEL SECURITIES LLC"
AVNS,"Avanos Medical, Inc.","CITADEL SECURITIES LLC"
AVNW,"AVIAT NETWORKS INCCOM NEW","SIMPLEX TRADING, LLC"
AVO,"MISSION PRODUCE INCCOM","CITADEL SECURITIES LLC"
AVPT,"AvePoint, Inc","CITADEL SECURITIES LLC"
AVT,"AVNET INC","WOLVERINE TRADING, LLC"
AVTR,"AVANTOR INCCOM","CITADEL SECURITIES LLC"
AVTX,"AVALO THERAPEUTICS INCCOM NEW","SIMPLEX TRADING, LLC"
AVUS,"AMERICAN CENTY ETF TRUS EQT ETF","BELVEDERE TRADING LLC"
AVUV,"AMERICAN CENTY ETF TRUS SML CP VALU","CITADEL SECURITIES LLC"
AVXL,"ANAVEX LF SC CM","CITADEL SECURITIES LLC"
AWI,"ARMSTRONG WORLD INDU","CITADEL SECURITIES LLC"
AWK,"AMERICAN WTR WRKS CO","CITADEL SECURITIES LLC"
AX,"AXOS Financial Inc.","SUSQUEHANNA SECURITIES, LLC"
AXL,"AMER AXLE&MFG HLDS","SUSQUEHANNA SECURITIES, LLC"
AXON,"AXON ENTERPRISE, INC","CITADEL SECURITIES LLC"
AXP,"AMER EXPRESS INC","CITADEL SECURITIES LLC"
AXS,"AXIS CAP HLDGS LTD","SUSQUEHANNA SECURITIES, LLC"
AXSM,"AXSOME THERAPEUTICS INCCOM","CITADEL SECURITIES LLC"
AXTA,"AXALTA COATING SYSTM","CITADEL SECURITIES LLC"
AYI,"ACUITY INC","CITADEL SECURITIES LLC"
AZ,"A2Z CUST2MATE SOLUTIONS CORPCOM","WOLVERINE TRADING, LLC"
AZN,"ASTRAZENECA PLC ADS","CITADEL SECURITIES LLC"
AZO,"AUTOZONE INC","SUSQUEHANNA SECURITIES, LLC"
B,"Barrick Mining Corporation","WOLVERINE TRADING, LLC"
BA,"BOEING CO","CITADEL SECURITIES LLC"
BABA,"ALIBABA GROUP HL LTD","WOLVERINE TRADING, LLC"
BABX,"GRANITESHARES ETF TR1.75X LG BABA DL","BELVEDERE TRADING LLC"
BAC,"BK OF AMERICA CP","WOLVERINE TRADING, LLC"
BAIG,"THEMES ETF TRLEVERAGE SHS 2X","CITADEL SECURITIES LLC"
BALL,"BALL CP","CITADEL SECURITIES LLC"
BAM,"BROOKFIELD ASSET MANAGMT LTDCL A LMT VTG SHS","CITADEL SECURITIES LLC"
BANC,"BANC OF CALIFORNIA","SUSQUEHANNA SECURITIES, LLC"
BAND,"BANDWIDTH INCCOM CL A","WOLVERINE TRADING, LLC"
BANF,"BANCFIRST CORPCOM","WOLVERINE TRADING, LLC"
BANX,"ArrowMark Financial Corp.","BELVEDERE TRADING LLC"
BAP,"CREDICORP LTD","WOLVERINE TRADING, LLC"
BARK,"The Original BARK Company","CITADEL SECURITIES LLC"
BASE,"COUCHBASE INCCOM","CITADEL SECURITIES LLC"
BAX,"BAXTER INTL INC","CITADEL SECURITIES LLC"
BB,"BLACKBERRY LIMITED","CITADEL SECURITIES LLC"
BBAI,"BigBear.ai Holdings, Inc.","SUSQUEHANNA SECURITIES, LLC"
BBAR,"BBVA BANCO ARGENTINA S.A.","WOLVERINE TRADING, LLC"
BBBY,"Bed Bath & Beyond, Inc.","WOLVERINE TRADING, LLC"
BBCP,"CONCRETE PUMPING HLDGS INCCOM","CITADEL SECURITIES LLC"
BBD,"BANCO BRADESCO ADS","SUSQUEHANNA SECURITIES, LLC"
BBIO,"BRIDGEBIO PHARMA INCCOM","CITADEL SECURITIES LLC"
BBUC,"BROOKFIELD BUSINESS CORPCL A EXC SUB VTG","SUSQUEHANNA SECURITIES, LLC"
BBW,"BUILD A BEAR WORKSHP","CITADEL SECURITIES LLC"
BBWI,"BATH & BODY WORKS, INC","CITADEL SECURITIES LLC"
BBY,"BEST BUY CO INC","WOLVERINE TRADING, LLC"
BC,"BRUNSWICK CP","CITADEL SECURITIES LLC"
BCAB,"BIOATLA INCCOM","CITADEL SECURITIES LLC"
BCAX,"BICARA THERAPEUTICS INCCOM","CITADEL SECURITIES LLC"
BCC,"BOISE CASCADE L.L.C.","CITADEL SECURITIES LLC"
BCE,"B C E INC","CITADEL SECURITIES LLC"
BCH,"BANCO DE CHILE","CITADEL SECURITIES LLC"
BCIM,"ABRDN ETFSBBG INDUSTRL MET","SIMPLEX TRADING, LLC"
BCML,"BAYCOM CORPCOM","SUSQUEHANNA SECURITIES, LLC"
BCO,"BRINKS COMPANY","CITADEL SECURITIES LLC"
BCRX,"BIOCRYST PHARMA INC","CITADEL SECURITIES LLC"
BCS,"BARCLAYS PLC ADR","CITADEL SECURITIES LLC"
BCSF,"BAIN CAPITAL SPECIALTY FINANCE, INC.","CITADEL SECURITIES LLC"
BCYC,"BICYCLE THERAPEUTICS PLCSPONSORED ADS","BELVEDERE TRADING LLC"
BDSX,"BIODESIX INCCOM","CITADEL SECURITIES LLC"
BDTX,"BLACK DIAMOND THERAPEUTICS ICOM","CITADEL SECURITIES LLC"
BDX,"BECTON DICKINSON  CO","WOLVERINE TRADING, LLC"
BE,"BLOOM ENERGY CORPCOM CL A","IMC-CHICAGO, LLC"
BEAM,"BEAM THERAPEUTICS INCCOM","CITADEL SECURITIES LLC"
BEDZ,"ADVISORSHARES TRHOTEL ETF","SIMPLEX TRADING, LLC"
BEEM,"BEAM GLOBALCOM","SUSQUEHANNA SECURITIES, LLC"
BEKE,"KE HLDGS INCSPONSORED ADS","CITADEL SECURITIES LLC"
BEN,"FRANKLIN RES INC","CITADEL SECURITIES LLC"
BEP,"BROOKFIELD RENEWABLE PARTNERS LP","SUSQUEHANNA SECURITIES, LLC"
BEPC,"BROOKFIELD RENEWABLE CORPCL A SUB VTG","SUSQUEHANNA SECURITIES, LLC"
BF.A,"BROWN FORMAN CORPCL A","CITADEL SECURITIES LLC"
BFH,"Bread Financial Holdings, Inc","SUSQUEHANNA SECURITIES, LLC"
BFIN,"BankFinancial Corporation","CITADEL SECURITIES LLC"
BFLY,"Butterfly Network, Inc. Class A","SUSQUEHANNA SECURITIES, LLC"
BFS,"Saul Centers Inc","BELVEDERE TRADING LLC"
BFST,"BUSINESS FIRST BANCSHARES INCOM","CITADEL SECURITIES LLC"
BG,"BUNGE LTD","CITADEL SECURITIES LLC"
BGC,"BGC Group, Inc","CITADEL SECURITIES LLC"
BGFV,"BIG 5 SPORTING","SUSQUEHANNA SECURITIES, LLC"
BGS,"B&G FOODS INC","CITADEL SECURITIES LLC"
BGSF,"BGSF INCCOM","CITADEL SECURITIES LLC"
BHB,"Bar Harbor BankShares","BELVEDERE TRADING LLC"
BHC,"BAUSCH HEALTH COMPANIES INC.","CITADEL SECURITIES LLC"
BHF,"BRIGHTHOUSE FIN CMN","CITADEL SECURITIES LLC"
BHP,"BHP GROUP LIMITED","WOLVERINE TRADING, LLC"
BHVN,"BIOHAVEN LTDCOM","CITADEL SECURITIES LLC"
BIB,"PROSHRS ULTRA NQ BIO","CITADEL SECURITIES LLC"
BIDU,"BAIDU, INC.","WOLVERINE TRADING, LLC"
BIGY,"TIDAL TR IIYIELDMAX TRGT12","SIMPLEX TRADING, LLC"
BIIB,"BIOGEN INC CMN","CITADEL SECURITIES LLC"
BILI,"BILIBILI INCSPONS ADS REP Z","CITADEL SECURITIES LLC"
BILL,"BILL COM HLDGS INCCOM","IMC-CHICAGO, LLC"
BIOA,"BIOAGE LABS INCCOM","BELVEDERE TRADING LLC"
BIOX,"BIOCERES CROP SOLUTIONS CORPSHS","CITADEL SECURITIES LLC"
BIPC,"BROOKFIELD INFRASTRUCTURE COCOM SB VTG SHS A","BELVEDERE TRADING LLC"
BIRK,"BIRKENSTOCK HOLDING PLCCOM SHS","IMC-CHICAGO, LLC"
BIS,"PROSHRS ULSHT NQ BIO","CITADEL SECURITIES LLC"
BITB,"BITWISE BITCOIN ETF TRSHS BEN INT","CITADEL SECURITIES LLC"
BITF,"BITFARMS LTDCOM","WOLVERINE TRADING, LLC"
BITI,"PROSHARES TRSHORT BITCOIN","SUSQUEHANNA SECURITIES, LLC"
BITO,"PROSHARES TRBITCOIN STRATE","CITADEL SECURITIES LLC"
BITQ,"BITWISE CRYPTO INDUSTRY INNOVATORS ETF","WOLVERINE TRADING, LLC"
BITS,"GLOBAL X FDSBLOCKCHAIN & BIT","WOLVERINE TRADING, LLC"
BITU,"PROSHARES TRULTRA BITCOIN ET","IMC-CHICAGO, LLC"
BITX,"2X BITCOIN STRATEGY ETF","BELVEDERE TRADING LLC"
BJ,"BJS WHSL CLUB HLDGS INCCOM","SUSQUEHANNA SECURITIES, LLC"
BJRI,"BJ'S RESTAURANTS INC","CITADEL SECURITIES LLC"
BK,"BANK OF NY MELLON CP","CITADEL SECURITIES LLC"
BKD,"BROOKDALE SENIOR LVG","CITADEL SECURITIES LLC"
BKE,"BUCKLE INC","CITADEL SECURITIES LLC"
BKKT,"Bakkt Holdings, Inc. Class A","SIMPLEX TRADING, LLC"
BKLN,"INVESCO SENIOR LOAN ETF","CITADEL SECURITIES LLC"
BKNG,"Booking Holdings Inc.","CITADEL SECURITIES LLC"
BKR,"Baker Hughes Company","CITADEL SECURITIES LLC"
BKSY,"BlackSky Technology Inc.","SUSQUEHANNA SECURITIES, LLC"
BKV,"BKV CORPCOM","WOLVERINE TRADING, LLC"
BLBD,"BLUE BIRD CORPCOM","BELVEDERE TRADING LLC"
BLCO,"BAUSCH PLUS LOMB CORPCOMMON SHARES","CITADEL SECURITIES LLC"
BLDP,"BALLARD POWER SYS","SUSQUEHANNA SECURITIES, LLC"
BLDR,"BUILDERS FIRSTSOURCE","SUSQUEHANNA SECURITIES, LLC"
BLFY,"BLUE FOUNDRY BANCORPCOM","CITADEL SECURITIES LLC"
BLK,"BLACKROCK INC","WOLVERINE TRADING, LLC"
BLMN,"BLOOMIN' BRANDS, INC","CITADEL SECURITIES LLC"
BLND,"BLEND LABS INCCL A","CITADEL SECURITIES LLC"
BLNK,"BLINK CHARGING COCOM","IMC-CHICAGO, LLC"
BLRX,"BIOLINERX LTDSPONSORED ADS","BELVEDERE TRADING LLC"
BLSH,"BULLISHORD SHS","CITADEL SECURITIES LLC"
BLZE,"BACKBLAZE INCCOM CL A","WOLVERINE TRADING, LLC"
BMA,"BANCO MACRO SA","SUSQUEHANNA SECURITIES, LLC"
BMAX,"ETF OPPORTUNITIES TRUSTREX BITCOIN CORP","SIMPLEX TRADING, LLC"
BMBL,"BUMBLE INCCL A","IMC-CHICAGO, LLC"
BMEA,"BIOMEA FUSION INCCOM","CITADEL SECURITIES LLC"
BMNR,"BITMINE IMMERSION TECNOLOGIECOM NEW","CITADEL SECURITIES LLC"
BMO,"BANK OF MONTREAL","CITADEL SECURITIES LLC"
BMRC,"BANK MARIN BANCORPCOM","CITADEL SECURITIES LLC"
BMRN,"BIOMARIN PHARMACEUT","SUSQUEHANNA SECURITIES, LLC"
BMY,"BRISTOL-MYERS SQUIBB","CITADEL SECURITIES LLC"
BN,"Brookfield Corporation","CITADEL SECURITIES LLC"
BNDD,"KRANESHARES TRQUADRATIC DEFLA","BELVEDERE TRADING LLC"
BNED,"BARNES & NOBLE ED INCCOM","WOLVERINE TRADING, LLC"
BNL,"Broadstone Net Lease, Inc.","WOLVERINE TRADING, LLC"
BNS,"BANK OF NOVA SCOTIA","CITADEL SECURITIES LLC"
BNT,"Brookfield Wealth Solutions Ltd.","BELVEDERE TRADING LLC"
BNTC,"BENITEC BIOPHARMA INCCOM NEW","SIMPLEX TRADING, LLC"
BNTX,"BIONTECH SESPONSORED ADS","CITADEL SECURITIES LLC"
BOIL,"PROSHARES ULT NATGAS","WOLVERINE TRADING, LLC"
BORR,"BORR DRILLING LTDSHS","SUSQUEHANNA SECURITIES, LLC"
BOX,"BOX, INC. CL A","WOLVERINE TRADING, LLC"
BP,"BP PLC","WOLVERINE TRADING, LLC"
BPOP,"POPULAR, INC.","CITADEL SECURITIES LLC"
BR,"BROADRIDGE FIN SOL","CITADEL SECURITIES LLC"
BRAG,"BRAGG GAMING GROUP INCCOM NEW","SUSQUEHANNA SECURITIES, LLC"
BRBR,"BELLRING BRANDS INCCOM CL A","CITADEL SECURITIES LLC"
BRBS,"BLUE RIDGE BANKSHARES INC VACOM","BELVEDERE TRADING LLC"
BRCC,"BRC Inc.","SUSQUEHANNA SECURITIES, LLC"
BRFS,"BRF  SA","WOLVERINE TRADING, LLC"
BRK.B,"BERKSHIRE HATH HLD B","WOLVERINE TRADING, LLC"
BRKR,"BRUKER CORPORATION","SUSQUEHANNA SECURITIES, LLC"
BRLT,"BRILLIANT EARTH GROUP INCCL A COM","CITADEL SECURITIES LLC"
BROS,"DUTCH BROS INCCL A","CITADEL SECURITIES LLC"
BRR,"COLUMBUS CIRCLE CAP CORP. ISHS CL A","IMC-CHICAGO, LLC"
BRSL,"Brightstar Lottery","WOLVERINE TRADING, LLC"
BRSP,"BrightSpire Capital, Inc.","CITADEL SECURITIES LLC"
BRT,"BRT APARTMENTS CORP","CITADEL SECURITIES LLC"
BRY,"Berry Corporation","WOLVERINE TRADING, LLC"
BRZE,"BRAZE INCCOM CL A","SUSQUEHANNA SECURITIES, LLC"
BSGM,"BIOSIG TECH INCCOM NEW","SIMPLEX TRADING, LLC"
BSX,"BOSTON SCIENTIFIC CP","WOLVERINE TRADING, LLC"
BSY,"BENTLEY SYS INCCOM CL B","CITADEL SECURITIES LLC"
BTBT,"BIT DIGITAL, INC.","CITADEL SECURITIES LLC"
BTC,"GRAYSCALE BITCOIN MINI TR ETSHS","WOLVERINE TRADING, LLC"
BTCM,"BIT Mining Limited","SUSQUEHANNA SECURITIES, LLC"
BTCS,"BTCS INCCOM NEW","CITADEL SECURITIES LLC"
BTDR,"Bitdeer Technologies Group","CITADEL SECURITIES LLC"
BTE,"Baytex Energy Corp.","SUSQUEHANNA SECURITIES, LLC"
BTF,"VALKYRIE BITCOIN STRATEGY ETF","SUSQUEHANNA SECURITIES, LLC"
BTG,"B2GOLD CORPCOM","CITADEL SECURITIES LLC"
BTGD,"TIDAL TR IISTKD BITCOIN","SIMPLEX TRADING, LLC"
BTI,"BRITISH AMER TOB ADR","CITADEL SECURITIES LLC"
BTM,"BITCOIN DEPOT INCCOM","WOLVERINE TRADING, LLC"
BTOP,"BITWISE FUNDS TRUSTBITCOIN AND ETHE","IMC-CHICAGO, LLC"
BTSG,"BRIGHTSPRING HEALTH SVCS INCCOM","CITADEL SECURITIES LLC"
BTU,"PEABODY ENERGY CORP NEWCOM","CITADEL SECURITIES LLC"
BUD,"ANHEUSER BUSCH INBEV SA/NVSPONSORED ADR","CITADEL SECURITIES LLC"
BUG,"GLOBAL X FDSCYBRSCURTY ETF","CITADEL SECURITIES LLC"
BULG,"THEMES ETF TRLEVERAGE SHS 2X","BELVEDERE TRADING LLC"
BULL,"WEBULL CORPORD SHS","WOLVERINE TRADING, LLC"
BUR,"BURFORD CAP LTDORD SHS","CITADEL SECURITIES LLC"
BURL,"BURLINGTON STORES","CITADEL SECURITIES LLC"
BUZZ,"VANECK VECTORS ETF TRSOCIAL SENTIMENT","CITADEL SECURITIES LLC"
BV,"BRIGHTVIEW HLDGS INCCOM","CITADEL SECURITIES LLC"
BVN,"BUENAVENTURA MINING","CITADEL SECURITIES LLC"
BVS,"BIOVENTUS INCCL A","CITADEL SECURITIES LLC"
BWA,"BORG WARNER INC","SUSQUEHANNA SECURITIES, LLC"
BWB,"BRIDGEWATER BANCSHARES INCCOM ACCD INV","CITADEL SECURITIES LLC"
BWEN,"BROADWIND INCCOM NEW","CITADEL SECURITIES LLC"
BWIN,"BRP GROUP INCCOM CL A","SUSQUEHANNA SECURITIES, LLC"
BWMN,"BOWMAN CONSULTING GROUP LTDCOM","WOLVERINE TRADING, LLC"
BX,"THE BLACKSTONE GROUP INC.","CITADEL SECURITIES LLC"
BXC,"BLUELINX HLDGS INCCOM NEW","CITADEL SECURITIES LLC"
BXMT,"BLACKSTONE MTG TR","CITADEL SECURITIES LLC"
BXP,"BOSTON PPTYS INC","CITADEL SECURITIES LLC"
BXSL,"BLACKSTONE SECD LENDING FDCOMMON STOCK","SUSQUEHANNA SECURITIES, LLC"
BYD,"BOYD GAMING CORP","WOLVERINE TRADING, LLC"
BYND,"BEYOND MEAT, INC.","CITADEL SECURITIES LLC"
BYRN,"Byrna Technologies Inc.","CITADEL SECURITIES LLC"
BYSI,"BEYONDSPRING INCSHS","CITADEL SECURITIES LLC"
BZ,"KANZHUN LIMITEDSPONSORED ADS","CITADEL SECURITIES LLC"
BZAI,"BLAIZE HLDGS INCCOM","WOLVERINE TRADING, LLC"
BZFD,"BuzzFeed, Inc.","SUSQUEHANNA SECURITIES, LLC"
BZH,"BEAZER HOMES USA INC","CITADEL SECURITIES LLC"
BZUN,"BAOZUN INC. ADS","CITADEL SECURITIES LLC"
C,"CITIGROUP INC","WOLVERINE TRADING, LLC"
CABA,"CABALETTA BIO INCCOM","CITADEL SECURITIES LLC"
CACC,"CREDIT ACCEP CORP MICHCOM","WOLVERINE TRADING, LLC"
CADL,"CANDEL THERAPEUTICS INCCOM","BELVEDERE TRADING LLC"
CAE,"CAE INC.","SIMPLEX TRADING, LLC"
CAG,"CONAGRA BRANDS, INC","SUSQUEHANNA SECURITIES, LLC"
CAH,"CARDINAL HEALTH INC","CITADEL SECURITIES LLC"
CAI,"CARIS LIFE SCIENCES INCCOM","CITADEL SECURITIES LLC"
CAKE,"CHEESECAKE FACT","CITADEL SECURITIES LLC"
CALM,"CAL-MAINE FOODS IN","CITADEL SECURITIES LLC"
CAN,"CANAAN INCSPONSORED ADS","WOLVERINE TRADING, LLC"
CAPR,"CAPRICOR THERAPEUTICS INCCOM NEW","SUSQUEHANNA SECURITIES, LLC"
CAPT,"Captivision Inc.","BELVEDERE TRADING LLC"
CAR,"AVIS BUDGET GROUP, I","IMC-CHICAGO, LLC"
CARE,"CARTER BANKSHARES INCCOM NEW","CITADEL SECURITIES LLC"
CARG,"CARGURUS INCCOM CL A","CITADEL SECURITIES LLC"
CARR,"CARRIER GLOBAL CORPORATIONCOM","CITADEL SECURITIES LLC"
CARS,"Cars.com Inc.","CITADEL SECURITIES LLC"
CART,"MAPLEBEAR INCCOM","IMC-CHICAGO, LLC"
CASH,"Pathward Financial, Inc.","BELVEDERE TRADING LLC"
CASI,"CASI PHARMACEUTICALS INCCOM NEW","CITADEL SECURITIES LLC"
CAT,"CATERPILLAR INC","WOLVERINE TRADING, LLC"
CATX,"PERSPECTIVE THERAPEUTICS INCCOM NEW","BELVEDERE TRADING LLC"
CAVA,"CAVA GROUP INCCOM","CITADEL SECURITIES LLC"
CB,"D/B/A CHUBB LTD NEW","WOLVERINE TRADING, LLC"
CBAN,"COLONY BANKCORP INCCOM","SUSQUEHANNA SECURITIES, LLC"
CBAT,"CBAK ENERGY TECHNOLOGY INCCOM","CITADEL SECURITIES LLC"
CBL,"CBL & ASSOC PPTYS INCCOMMON STOCK","SUSQUEHANNA SECURITIES, LLC"
CBLL,"CERIBELL INCCOM","IMC-CHICAGO, LLC"
CBNK,"CAPITAL BANCORP INC MDCOM","WOLVERINE TRADING, LLC"
CBOE,"CBOE GLOBAL MARKETS,","WOLVERINE TRADING, LLC"
CBRE,"CBRE Group  Inc.","CITADEL SECURITIES LLC"
CBRL,"CRACKER BARREL","CITADEL SECURITIES LLC"
CBUS,"Cibus, Inc.","CITADEL SECURITIES LLC"
CC,"CHEMOURS CO","CITADEL SECURITIES LLC"
CCAP,"Crescent Capital BDC, Inc","CITADEL SECURITIES LLC"
CCB,"COASTAL FINL CORP WACOM NEW","SUSQUEHANNA SECURITIES, LLC"
CCBG,"CAPITAL CITY BK GROUP INCCOM","CITADEL SECURITIES LLC"
CCCC,"C4 THERAPEUTICS INCCOM STK","CITADEL SECURITIES LLC"
CCCS,"CCC Intelligent Solutions Holdings Inc.","CITADEL SECURITIES LLC"
CCEC,"Capital Clean  Energy Carriers Corporation","CITADEL SECURITIES LLC"
CCEP,"Coca Cola European Partners plc","CITADEL SECURITIES LLC"
CCI,"CROWN CASTLE INTL","WOLVERINE TRADING, LLC"
CCJ,"CAMECO CP","WOLVERINE TRADING, LLC"
CCK,"CROWN HOLDINGS INC","CITADEL SECURITIES LLC"
CCL,"CARNIVAL CORP","CITADEL SECURITIES LLC"
CCLD,"CareCloud, Inc.","WOLVERINE TRADING, LLC"
CCO,"Clear Channel Outdoor Holdings, Inc.","CITADEL SECURITIES LLC"
CCOI,"COGENT COMM HLDGS","CITADEL SECURITIES LLC"
CCRN,"CROSS CTRY HLTHCR","CITADEL SECURITIES LLC"
CCS,"CENTURY COMMUNITIES","WOLVERINE TRADING, LLC"
CCSI,"CONSENSUS CLOUD SOLUTIONS INCOM","SUSQUEHANNA SECURITIES, LLC"
CCU,"COMPANIA CERVECERIAS UNIDAS S.A.","BELVEDERE TRADING LLC"
CDC,"VICTORY PORTFOLIOS IIVCSHS US EQ INCM","BELVEDERE TRADING LLC"
CDE,"COEUR MINING, INC.","WOLVERINE TRADING, LLC"
CDLX,"CARDLYTICS INC","WOLVERINE TRADING, LLC"
CDNS,"CADENCE DESIGN SYS","WOLVERINE TRADING, LLC"
CDTX,"CIDARA THERAPEUTICS INCCOM","JANE STREET OPTIONS, LLC"
CDW,"CDW CORPORATION","CITADEL SECURITIES LLC"
CDXS,"CODEXIS INC","SUSQUEHANNA SECURITIES, LLC"
CE,"CELANESE CORPORATION","CITADEL SECURITIES LLC"
CEG,"CONSTELLATION ENERGY CORPCOM","CITADEL SECURITIES LLC"
CELC,"CELCUITY INCCOM","SUSQUEHANNA SECURITIES, LLC"
CELH,"CELSIUS HOLDINGS INCCOM NEW","WOLVERINE TRADING, LLC"
CENN,"Cenntro Electric Group Limited","SUSQUEHANNA SECURITIES, LLC"
CENX,"CENTURY ALUMINUM C","WOLVERINE TRADING, LLC"
CEP,"CANTOR EQUITY PARTNERS INCSHS CL A","IMC-CHICAGO, LLC"
CEPI,"ETF OPPORTUNITIES TRUSTREX CRYPTO EQUIT","SIMPLEX TRADING, LLC"
CEPO,"CANTOR EQUITY PARTNERS I INCSHS CL A","CITADEL SECURITIES LLC"
CEPU,"CENTRAL PUERTO S ASPONSORED ADR","CITADEL SECURITIES LLC"
CERS,"CERUS CORP","WOLVERINE TRADING, LLC"
CERT,"CERTARA INCCOM","SIMPLEX TRADING, LLC"
CEVA,"CEVA INC","SUSQUEHANNA SECURITIES, LLC"
CF,"CF IND HLDGS INC","CITADEL SECURITIES LLC"
CFG,"CITIZENS FINL GROUP","CITADEL SECURITIES LLC"
CFLT,"CONFLUENT INCCLASS A COM","CITADEL SECURITIES LLC"
CFR,"CULLEN FROST BNKRS","CITADEL SECURITIES LLC"
CG,"THE CARLYLE GROUP","CITADEL SECURITIES LLC"
CGAU,"CENTERRA GOLD INCCOM","CITADEL SECURITIES LLC"
CGBD,"Carlyle Secured Lending, Inc.","WOLVERINE TRADING, LLC"
CGC,"CANOPY GROWTH CORP","CITADEL SECURITIES LLC"
CGEM,"CULLINAN ONCOLOGY INCCOM","SUSQUEHANNA SECURITIES, LLC"
CGEN,"COMPUGEN LTD","CITADEL SECURITIES LLC"
CGNT,"COGNYTE SOFTWARE LTDORD SHS","CITADEL SECURITIES LLC"
CGNX,"COGNEX CP","CITADEL SECURITIES LLC"
CGON,"CG ONCOLOGY INCCOM","CITADEL SECURITIES LLC"
CHCT,"COMMUNITY HEALTHCARE TR INCCOM","CITADEL SECURITIES LLC"
CHEF,"CHEFS WHSE INCCOM","CITADEL SECURITIES LLC"
CHGG,"CHEGG, INC.","CITADEL SECURITIES LLC"
CHKP,"CHECK POINT SOFTWARE","CITADEL SECURITIES LLC"
CHMI,"CHERRY HILL MTG INVT CORPCOM","CITADEL SECURITIES LLC"
CHPT,"ChargePoint Holdings, Inc.","CITADEL SECURITIES LLC"
CHRD,"Chord Energy Corporation","SUSQUEHANNA SECURITIES, LLC"
CHRW,"C.H. ROBINSON WW","WOLVERINE TRADING, LLC"
CHTR,"CHARTER COMMUNICATIONS INC  CL A","IMC-CHICAGO, LLC"
CHWY,"CHEWY INCCL A","IMC-CHICAGO, LLC"
CHYM,"CHIME FINL INCCOM SHS CL A","JANE STREET OPTIONS, LLC"
CI,"CIGNA CP","IMC-CHICAGO, LLC"
CIB,"BANCOLOMBIA S A","SIMPLEX TRADING, LLC"
CIEN,"CIENA CORP","IMC-CHICAGO, LLC"
CIFR,"Cipher  Mining Inc.","CITADEL SECURITIES LLC"
CIG,"COMP ENERG CEMIG ADS","CITADEL SECURITIES LLC"
CIGI,"COLLIERS INTL GROUP INCSUB VTG SHS","CITADEL SECURITIES LLC"
CIM,"CHIMERA INVESTMENT","CITADEL SECURITIES LLC"
CINT,"CI&T INCCOM CL A","BELVEDERE TRADING LLC"
CIO,"CITY OFFICE REIT INCCOM","BELVEDERE TRADING LLC"
CIVI,"Civitas Resources, Inc.","IMC-CHICAGO, LLC"
CL,"COLGATE PALMOLIVE","SUSQUEHANNA SECURITIES, LLC"
CLAR,"Clarus Corporation","CITADEL SECURITIES LLC"
CLB,"CORE LABS NV","CITADEL SECURITIES LLC"
CLBT,"Cellebrite  DI Ltd.","SUSQUEHANNA SECURITIES, LLC"
CLDX,"CELLDEX THERAPEUTICS","CITADEL SECURITIES LLC"
CLF,"CLEVELAND-CLIFFS INC","CITADEL SECURITIES LLC"
CLGN,"COLLPLANT BIOTECHNOLOGIES LTADS","WOLVERINE TRADING, LLC"
CLH,"CLEAN HARBORS INC","WOLVERINE TRADING, LLC"
CLMT,"CALUMET SPECIALTY PR","SUSQUEHANNA SECURITIES, LLC"
CLNE,"CLEAN ENERGY FUELS","IMC-CHICAGO, LLC"
CLOV,"Clover Health Investments, Corporation Class A","WOLVERINE TRADING, LLC"
CLPR,"CLIPPER RLTY INCCOM","CITADEL SECURITIES LLC"
CLPT,"CLEARPOINT NEURO INCCOM","BELVEDERE TRADING LLC"
CLSD,"CLEARSIDE BIOMEDICAL INCCOM","SUSQUEHANNA SECURITIES, LLC"
CLSK,"CLEANSPARK INCCOM NEW","WOLVERINE TRADING, LLC"
CLVT,"Clarivate Plc","CITADEL SECURITIES LLC"
CLX,"CLOROX CO","WOLVERINE TRADING, LLC"
CM,"CANADIAN IMP BK COMM","CITADEL SECURITIES LLC"
CMA,"COMERICA INC","WOLVERINE TRADING, LLC"
CMBM,"CAMBIUM NETWORKS CORPSHS","CITADEL SECURITIES LLC"
CMBT,"EURONAV NV ANTWERPENSHS TEMP","CITADEL SECURITIES LLC"
CMC,"COMMERCIAL METALS CO","CITADEL SECURITIES LLC"
CMCL,"CALEDONIA MNG CORP PLCSHS NEW","CITADEL SECURITIES LLC"
CMCSA,"COMCAST CORP A","CITADEL SECURITIES LLC"
CMDY,"ISHARES U S ETF TRBLOOMBERG ROLL","SIMPLEX TRADING, LLC"
CME,"CME GROUP INC","CITADEL SECURITIES LLC"
CMG,"CHIPOTLE MEX GRILL","IMC-CHICAGO, LLC"
CMI,"CUMMINS INC","WOLVERINE TRADING, LLC"
CMP,"COMPASS MINERALS INT","CITADEL SECURITIES LLC"
CMPO,"CompoSecure, Inc.","BELVEDERE TRADING LLC"
CMPR,"CIMPRESS N.V. ORD","WOLVERINE TRADING, LLC"
CMPS,"COMPASS PATHWAYS PLCSPONSORED ADS","CITADEL SECURITIES LLC"
CMPX,"COMPASS THERAPEUTICS, INC.","CITADEL SECURITIES LLC"
CMRC,"Commerce.com, Inc.","CITADEL SECURITIES LLC"
CMRE,"COSTAMARE INC.","CITADEL SECURITIES LLC"
CMS,"CMS ENERGY CP","CITADEL SECURITIES LLC"
CMTG,"CLAROS MTG TR INCCOMMON STOCK","CITADEL SECURITIES LLC"
CNC,"CENTENE CORP","IMC-CHICAGO, LLC"
CNDT,"CONDUENT INC.","CITADEL SECURITIES LLC"
CNH,"CNH Industrial N.V.","CITADEL SECURITIES LLC"
CNI,"CANADIAN NATL RAILWY","WOLVERINE TRADING, LLC"
CNK,"CINEMARK HLDGS INC","CITADEL SECURITIES LLC"
CNM,"CORE & MAIN INCCL A","CITADEL SECURITIES LLC"
CNOB,"CONNECTONE BANCORP INC NEWCOM","CITADEL SECURITIES LLC"
CNP,"CENTERPOINT ENERGY","CITADEL SECURITIES LLC"
CNQ,"CANADIAN NAT RES","WOLVERINE TRADING, LLC"
CNR,"Core Natural Resources, Inc.","CITADEL SECURITIES LLC"
CNTA,"CENTESSA PHARMACEUTICALS PLCSPONSORED ADS","CITADEL SECURITIES LLC"
CNVS,"CINEVERSE CORPCOM CL A","WOLVERINE TRADING, LLC"
CNX,"CONS ENERGY INC","WOLVERINE TRADING, LLC"
CNXC,"CONCENTRIX CORPCOM","WOLVERINE TRADING, LLC"
COAL,"EXCHANGE TRADED CONCEPTS TRURANGE GLOBAL COA","SIMPLEX TRADING, LLC"
COCO,"VITA COCO CO INCCOM","SUSQUEHANNA SECURITIES, LLC"
CODX,"CO DIAGNOSTICS INCCOM","WOLVERINE TRADING, LLC"
COF,"CAPITAL ONE FINANCIA","SUSQUEHANNA SECURITIES, LLC"
COGT,"COGENT BIOSCIENCES INCCOM","CITADEL SECURITIES LLC"
COHR,"Coherent Corporation","SUSQUEHANNA SECURITIES, LLC"
COIN,"COINBASE GLOBAL INCCOM CL A","IMC-CHICAGO, LLC"
COLD,"AMERICOLD RLTY TRCOM","CITADEL SECURITIES LLC"
COLM,"COLUMBIA SPRTSWR","SUSQUEHANNA SECURITIES, LLC"
COM,"DIREXION SHS ETF TRAUSPCE CMD STG","BELVEDERE TRADING LLC"
COMB,"GRANITESHARES ETF TRBBG COMMD K 1","BELVEDERE TRADING LLC"
COMM,"COMMSCOPE HOLDING CO","CITADEL SECURITIES LLC"
COMP,"COMPASS INCCL A","CITADEL SECURITIES LLC"
CON,"CONCENTRA GROUP HOLDINGS PARCOMMON STOCK","WOLVERINE TRADING, LLC"
CONI,"GRANITESHARES ETF TR1X SHORT COIN","IMC-CHICAGO, LLC"
CONL,"GRANITESHARES 1.5X LONG COINBASE DAILY ETF","WOLVERINE TRADING, LLC"
CONY,"TIDAL ETF TR IIYIELDMAX COIN OP","IMC-CHICAGO, LLC"
COO,"COOPER COS INC","SUSQUEHANNA SECURITIES, LLC"
COOK,"TRAEGER INCCOMMON STOCK","CITADEL SECURITIES LLC"
COOP,"Mr. Cooper Group Inc.","CITADEL SECURITIES LLC"
COP,"CONOCOPHILLIPS PETROLEUM","CITADEL SECURITIES LLC"
COR,"Cencora, Inc.","SUSQUEHANNA SECURITIES, LLC"
CORN,"TEUCRIUM CORN FUND","CITADEL SECURITIES LLC"
CORT,"CORCEPT THERAPEUTICS","CITADEL SECURITIES LLC"
CORZ,"Core Scientific, Inc.","CITADEL SECURITIES LLC"
COSM,"COSMOS HEALTH INCCOM","BELVEDERE TRADING LLC"
COST,"COSTCO WHOLESALE","WOLVERINE TRADING, LLC"
COTY,"COTY INC.","CITADEL SECURITIES LLC"
COUR,"COURSERA INCCOM","CITADEL SECURITIES LLC"
COWS,"AMPLIFY ETF TRCASH FLOW DIVID","SIMPLEX TRADING, LLC"
COYA,"COYA THERAPEUTICS INCCOMMON STOCK","JANE STREET OPTIONS, LLC"
CP,"CANADIAN PAC RAILWAY","CITADEL SECURITIES LLC"
CPA,"COPA HOLDINGS S.A.","CITADEL SECURITIES LLC"
CPAY,"Corpay, Inc","SUSQUEHANNA SECURITIES, LLC"
CPB,"CAMPBELL SOUP CO","WOLVERINE TRADING, LLC"
CPIX,"CUMBERLAND PHARMACEUTICALS ICOM","CITADEL SECURITIES LLC"
CPK,"Chesapeake Utilities Corp","SIMPLEX TRADING, LLC"
CPNG,"Coupang Inc. Class A","CITADEL SECURITIES LLC"
CPRI,"CAPRI HOLDINGS LIMITED","SUSQUEHANNA SECURITIES, LLC"
CPRT,"COPART, INC.","SUSQUEHANNA SECURITIES, LLC"
CPS,"COOPER STD HLDGS INCCOM","SUSQUEHANNA SECURITIES, LLC"
CPSH,"CPS TECHNOLOGIES CORPCOM","SUSQUEHANNA SECURITIES, LLC"
CQP,"CHENIERE ENERGY LP","CITADEL SECURITIES LLC"
CR,"CRANE COMPANYCOMMON STOCK","SUSQUEHANNA SECURITIES, LLC"
CRBG,"COREBRIDGE FINL INCCOM","CITADEL SECURITIES LLC"
CRBP,"CORBUS PHARMACEUTICALS HLDGSCOM","BELVEDERE TRADING LLC"
CRBU,"CARIBOU BIOSCIENCES INCCOM","SIMPLEX TRADING, LLC"
CRC,"CALIFORNIA RES CORPCOMMON STOCK","CITADEL SECURITIES LLC"
CRCG,"THEMES ETF TRLEVERAGE SHS 2X","IMC-CHICAGO, LLC"
CRCL,"CIRCLE INTERNET GROUP INCCOM CL A","CITADEL SECURITIES LLC"
CRCT,"CRICUT INCCOM CL A","WOLVERINE TRADING, LLC"
CRDF,"CARDIFF ONCOLOGY INCCOM","SUSQUEHANNA SECURITIES, LLC"
CRDL,"CARDIOL THERAPEUTICS INCCOM CL A","CITADEL SECURITIES LLC"
CRDO,"CREDO TECHNOLOGY GROUP HOLDIORDINARY SHARES","CITADEL SECURITIES LLC"
CRESY,"Cresud Sociedad Anonima Comer Inmobiliaria, Fina","CITADEL SECURITIES LLC"
CRGY,"Crescent Energy Company","BELVEDERE TRADING LLC"
CRI,"CARTER'S INC","CITADEL SECURITIES LLC"
CRK,"COMSTOCK RES","SUSQUEHANNA SECURITIES, LLC"
CRM,"SALESFORCE COM INCCOM","IMC-CHICAGO, LLC"
CRML,"Critical Metals Corp.","CITADEL SECURITIES LLC"
CRNC,"CERENCE INCCOM","CITADEL SECURITIES LLC"
CRNX,"CRINETICS PHARMACEUTICALS INCOM","SUSQUEHANNA SECURITIES, LLC"
CRON,"CRONOS GROUP INCCOM","CITADEL SECURITIES LLC"
CROX,"CROCS, INC.","SUSQUEHANNA SECURITIES, LLC"
CRPT,"FIRST TR EXCHNG TRADED FD VISKYBRIDGE CRYPTO","CITADEL SECURITIES LLC"
CRSP,"CRISPR Therapeutics AG","IMC-CHICAGO, LLC"
CRSR,"CORSAIR GAMING INCCOM","CITADEL SECURITIES LLC"
CRTO,"CRITEO S ASPONS ADS","CITADEL SECURITIES LLC"
CRUS,"CIRRUS LOGIC INC","SUSQUEHANNA SECURITIES, LLC"
CRVS,"CORVUS PHARMACEUTICALS INCCOM","CITADEL SECURITIES LLC"
CRWD,"CROWDSTRIKE HLDGS INCCL A","IMC-CHICAGO, LLC"
CRWG,"THEMES ETF TRLEVERAGE SHS 2X","CITADEL SECURITIES LLC"
CRWS,"CROWN CRAFTS INCCOM","CITADEL SECURITIES LLC"
CRWV,"COREWEAVE, INC. CLASS A COMMON STOCK","JANE STREET OPTIONS, LLC"
CSCO,"CISCO SYSTEMS INC","CITADEL SECURITIES LLC"
CSIQ,"CANADIAN SOLAR INC.","SUSQUEHANNA SECURITIES, LLC"
CSTE,"CAESARSTONE LTD.","CITADEL SECURITIES LLC"
CSTL,"CASTLE BIOSCIENCES INCCOM","WOLVERINE TRADING, LLC"
CSTM,"CONSTELLIUM SE","CITADEL SECURITIES LLC"
CSWC,"CAPITAL SOUTHWEST CORPCOM","WOLVERINE TRADING, LLC"
CSX,"CSX CORPORATION","CITADEL SECURITIES LLC"
CTA,"SIMPLIFY EXCHANGE TRADED FUNMANAGED FUTURES","SIMPLEX TRADING, LLC"
CTAS,"CINTAS CORP","CITADEL SECURITIES LLC"
CTBI,"COMMUNITY TR BANCORP INCCOM","CITADEL SECURITIES LLC"
CTEV,"Claritev Corporation","CITADEL SECURITIES LLC"
CTGO,"CONTANGO ORE INCCOM","CITADEL SECURITIES LLC"
CTKB,"CYTEK BIOSCIENCES INCCOM","SUSQUEHANNA SECURITIES, LLC"
CTLP,"Cantaloupe, Inc.","CITADEL SECURITIES LLC"
CTMX,"CYTOMX THERAPEUTICS INCCOM","CITADEL SECURITIES LLC"
CTNM,"CONTINEUM THERAPEUTICS INCCL A","SIMPLEX TRADING, LLC"
CTO,"CTO RLTY GROWTH INC NEWCOM","CITADEL SECURITIES LLC"
CTRA,"Coterra Energy Inc.","WOLVERINE TRADING, LLC"
CTRE,"CARETRUST REIT INCCOM","WOLVERINE TRADING, LLC"
CTRI,"CENTURI HOLDINGS INCCOM SHS","WOLVERINE TRADING, LLC"
CTRM,"CASTOR MARITIME INCSHS NEW","WOLVERINE TRADING, LLC"
CTSH,"COGNIZANT TECH SOL","WOLVERINE TRADING, LLC"
CTVA,"CORTEVA INC","CITADEL SECURITIES LLC"
CTXR,"CITIUS PHARMACEUTICALS INCCOM NEW","CITADEL SECURITIES LLC"
CUE,"CUE BIOPHARMA INCCOM","CITADEL SECURITIES LLC"
CULP,"CULP INC","WOLVERINE TRADING, LLC"
CURB,"Curbline Properties Corporation","BELVEDERE TRADING LLC"
CURI,"CuriosityStream Inc.","CITADEL SECURITIES LLC"
CURV,"TORRID HLDGS INCCOM","CITADEL SECURITIES LLC"
CVAC,"CUREVAC N VCOM","CITADEL SECURITIES LLC"
CVCO,"Cavco Industries, Inc.","SUSQUEHANNA SECURITIES, LLC"
CVE,"CENOVUS ENERGY INC","CITADEL SECURITIES LLC"
CVEO,"Civeo Corporation","CITADEL SECURITIES LLC"
CVI,"CVR ENERGY INC","CITADEL SECURITIES LLC"
CVLT,"COMMVAULT SYSTEMS","WOLVERINE TRADING, LLC"
CVNA,"CARVANA CO. CL A","CITADEL SECURITIES LLC"
CVRX,"CVRX INCCOM","CITADEL SECURITIES LLC"
CVS,"CVS HEALTHCP","WOLVERINE TRADING, LLC"
CVU,"CPI Aerostructures, Inc","BELVEDERE TRADING LLC"
CVX,"CHEVRON CORP","CITADEL SECURITIES LLC"
CWAN,"CLEARWATER ANALYTICS HLDGS ICL A","WOLVERINE TRADING, LLC"
CWB,"SPDR Bloomberg Convertible Securities ETF","CITADEL SECURITIES LLC"
CWBC,"Community West Bancshares","CITADEL SECURITIES LLC"
CWH,"CAMPING WORLD HLDGS INCCL A","CITADEL SECURITIES LLC"
CWK,"CUSHMAN WAKEFIELD PLCSHS","CITADEL SECURITIES LLC"
CX,"CEMEX SAB DE CV ADR","WOLVERINE TRADING, LLC"
CXAI,"CXAPP INCCOM CL A","WOLVERINE TRADING, LLC"
CXDO,"CREXENDO, INC.","CITADEL SECURITIES LLC"
CXM,"SPRINKLR INCCL A","CITADEL SECURITIES LLC"
CXT,"Crane NXT, Co.","SIMPLEX TRADING, LLC"
CXW,"CORECIVIC, INC.","CITADEL SECURITIES LLC"
CYBN,"CYBIN INCCOM NEW","CITADEL SECURITIES LLC"
CYBR,"CYBERARK SOFT ORD","CITADEL SECURITIES LLC"
CYH,"COMMUNITY HEALTH","CITADEL SECURITIES LLC"
CYRX,"CRYOPORT INCCOM PAR $0.001","CITADEL SECURITIES LLC"
CYTK,"CYTOKINETICS","CITADEL SECURITIES LLC"
CZNC,"CITIZENS & NORTHN CORPCOM","CITADEL SECURITIES LLC"
CZR,"Caesars Entertainment, Inc","IMC-CHICAGO, LLC"
D,"DOMINION ENERGY, INC","WOLVERINE TRADING, LLC"
DAC,"DANAOS CORPORATIONSHS","SUSQUEHANNA SECURITIES, LLC"
DAIO,"DATA I O CORPCOM","WOLVERINE TRADING, LLC"
DAL,"DELTA AIR LINES, INC","IMC-CHICAGO, LLC"
DAN,"DANA INCORPORATED","CITADEL SECURITIES LLC"
DAO,"YOUDAO INCSPONSORED ADS","SUSQUEHANNA SECURITIES, LLC"
DAR,"DARLING INGREDIENTS","CITADEL SECURITIES LLC"
DASH,"DOORDASH INCCL A","IMC-CHICAGO, LLC"
DAVE,"Dave Inc.","JANE STREET OPTIONS, LLC"
DAWN,"DAY ONE BIOPHARMACEUTICALS ICOM","CITADEL SECURITIES LLC"
DB,"DEUTSCHE BANK AG","CITADEL SECURITIES LLC"
DBA,"INVESCO DB AGRICULTURE FUND","CITADEL SECURITIES LLC"
DBD,"DIEBOLD NIXDORF INCCOM SHS","WOLVERINE TRADING, LLC"
DBI,"DESIGNER BRANDS INC.","SUSQUEHANNA SECURITIES, LLC"
DBRG,"DigitalBridge Group, Inc.","CITADEL SECURITIES LLC"
DBX,"DROPBOX INC.","IMC-CHICAGO, LLC"
DC,"DAKOTA GOLD CORPCOM","CITADEL SECURITIES LLC"
DCBO,"DOCEBO INCCOM","CITADEL SECURITIES LLC"
DCGO,"DOCGO INCCOM","WOLVERINE TRADING, LLC"
DCOM,"Dime Community Bancshares, Inc.","BELVEDERE TRADING LLC"
DCTH,"DELCATH SYS INCCOM NEW","CITADEL SECURITIES LLC"
DD,"(New) DuPont de Nemours, Inc.","WOLVERINE TRADING, LLC"
DDD,"3 D  SYSTEMS CP","CITADEL SECURITIES LLC"
DDL,"DINGDONG CAYMAN LTDADS","BELVEDERE TRADING LLC"
DDOG,"Datadog Inc.","IMC-CHICAGO, LLC"
DE,"DEERE CO","WOLVERINE TRADING, LLC"
DEA,"EASTERLY GOVT PPTYS INCCOM","CITADEL SECURITIES LLC"
DECK,"DECKERS OUTDOOR CP","SUSQUEHANNA SECURITIES, LLC"
DECO,"SSGA ACTIVE TRSPDR GALAXY DI","BELVEDERE TRADING LLC"
DEFT,"DEFI TECHNOLOGIES INCCOM","CITADEL SECURITIES LLC"
DELL,"DELL TECHNOLOGIES INCCL C","IMC-CHICAGO, LLC"
DENN,"DENNYS CORP","CITADEL SECURITIES LLC"
DEO,"DIAGEO PLC ADS NEW","IMC-CHICAGO, LLC"
DFAC,"DIMENSIONAL ETF TRUSTUS CORE EQUITY 2","CITADEL SECURITIES LLC"
DFAS,"DIMENSIONAL ETF TRUSTUS SMALL CAP ETF","CITADEL SECURITIES LLC"
DFAT,"DIMENSIONAL ETF TRUSTUS TARGETED VLU","BELVEDERE TRADING LLC"
DFDV,"DEFI DEVELOPMENT CORPCOM","SUSQUEHANNA SECURITIES, LLC"
DFEN,"DIREXION SHS ETF TRDLY AEROSPC 3X","CITADEL SECURITIES LLC"
DFH,"DREAM FINDERS HOMES INCCOM CL A","CITADEL SECURITIES LLC"
DFUS,"DIMENSIONAL ETF TRUSTUS EQUITY ETF","CITADEL SECURITIES LLC"
DFUV,"DIMENSIONAL ETF TRUSTUS MKTWIDE VALUE","WOLVERINE TRADING, LLC"
DG,"DOLLAR GENERAL CORP","WOLVERINE TRADING, LLC"
DGX,"QUEST DIAGNOSTC","CITADEL SECURITIES LLC"
DH,"DEFINITIVE HEALTHCARE CORPCLASS A COM","CITADEL SECURITIES LLC"
DHI,"D R HORTON INC","WOLVERINE TRADING, LLC"
DHR,"DANAHER CORPORATION","SUSQUEHANNA SECURITIES, LLC"
DHT,"DHT Holdings, Inc.","SUSQUEHANNA SECURITIES, LLC"
DIA,"SPDR DJIA ETF TRUST","WOLVERINE TRADING, LLC"
DIBS,"1STDIBS COM INCCOM","SUSQUEHANNA SECURITIES, LLC"
DIN,"DINEEQUITY, INC","CITADEL SECURITIES LLC"
DINO,"HF Sinclair Corporation","CITADEL SECURITIES LLC"
DIS,"THE WALT DISNEY COMPANY","CITADEL SECURITIES LLC"
DIVB,"ISHARES U.S. DIVIDEND & BUYBACK ETF","BELVEDERE TRADING LLC"
DJT,"Trump Media &  Technology Group Corp","CITADEL SECURITIES LLC"
DK,"DELEK US HOLDINGS, I","CITADEL SECURITIES LLC"
DKNG,"DraftKings Inc.","IMC-CHICAGO, LLC"
DKS,"DICK'S SPORTING GDS","IMC-CHICAGO, LLC"
DLB,"DOLBY LABORATORIES","WOLVERINE TRADING, LLC"
DLHC,"DLH HLDGS CORPCOM","CITADEL SECURITIES LLC"
DLO,"DLOCAL LTDCLASS A COM","CITADEL SECURITIES LLC"
DLPN,"DOLPHIN ENTMT INCCOM NEW","BELVEDERE TRADING LLC"
DLR,"DIGITAL REALTY TRUST","CITADEL SECURITIES LLC"
DLTR,"DOLLAR TREE INC","IMC-CHICAGO, LLC"
DMAC,"DIAMEDICA THERAPEUTICS INCCOM NEW","CITADEL SECURITIES LLC"
DNA,"Ginkgo Bioworks Holdings, Inc.","CITADEL SECURITIES LLC"
DNN,"DENISON MINES CP NEW","SUSQUEHANNA SECURITIES, LLC"
DNOW,"NOW INC.","SUSQUEHANNA SECURITIES, LLC"
DNTH,"Dianthus Therapeutics, Inc.","CITADEL SECURITIES LLC"
DNUT,"KRISPY KREME INCCOM","CITADEL SECURITIES LLC"
DOC,"HEALTHPEAK PROPERTIES, INC.","CITADEL SECURITIES LLC"
DOCN,"DIGITALOCEAN HLDGS INCCOM","WOLVERINE TRADING, LLC"
DOCS,"DOXIMITY INCCL A","CITADEL SECURITIES LLC"
DOCU,"DOCUSIGN INCCOM","IMC-CHICAGO, LLC"
DOLE,"DOLE PLCORD SHS","BELVEDERE TRADING LLC"
DOMO,"DOMO INCCOM CL B","CITADEL SECURITIES LLC"
DOOO,"BRP INCCOM SUN VTG","CITADEL SECURITIES LLC"
DORM,"DORMAN PRODUCTS INC","SUSQUEHANNA SECURITIES, LLC"
DOUG,"Douglas Elliman Inc.","CITADEL SECURITIES LLC"
DOV,"DOVER CP","SUSQUEHANNA SECURITIES, LLC"
DOW,"DOW INCCOM","WOLVERINE TRADING, LLC"
DPST,"DIREXION SHS ETF TRDAILY RGNAL BULL","IMC-CHICAGO, LLC"
DPZ,"DOMINOS PIZZA INC","IMC-CHICAGO, LLC"
DQ,"DAQO NEW ENERGY CORP","CITADEL SECURITIES LLC"
DRI,"DARDEN RESTAURANTS","WOLVERINE TRADING, LLC"
DRIP,"Direxion Daily S&P Oil&Gas Exp.& Prod. Bear2XShr","WOLVERINE TRADING, LLC"
DRVN,"DRIVEN BRANDS HLDGS INCCOM","WOLVERINE TRADING, LLC"
DSGN,"DESIGN THERAPEUTICS INCCOM","CITADEL SECURITIES LLC"
DSGX,"DESCARTES SYS GROUP INC","SIMPLEX TRADING, LLC"
DSP,"VIANT TECHNOLOGY INCCOM CL A","SUSQUEHANNA SECURITIES, LLC"
DSX,"DIANA SHIPPING INC.","CITADEL SECURITIES LLC"
DT,"DYNATRACE INCCOM","SUSQUEHANNA SECURITIES, LLC"
DTE,"D T E ENERGY CO HLDG","CITADEL SECURITIES LLC"
DTM,"DT MIDSTREAM INCCOMMON STOCK","SIMPLEX TRADING, LLC"
DUHP,"DIMENSIONAL ETF TRUSTUS HIGH PROFITAB","CITADEL SECURITIES LLC"
DUK,"DUKE ENERGY CP HL CO","WOLVERINE TRADING, LLC"
DUOL,"DUOLINGO INCCL A COM","CITADEL SECURITIES LLC"
DUST,"Direxion Daily Gold Miners Index Bear 2X Shares","SUSQUEHANNA SECURITIES, LLC"
DV,"DOUBLEVERIFY HLDGS INCCOM","CITADEL SECURITIES LLC"
DVA,"DAVITA INC. CMN STK","CITADEL SECURITIES LLC"
DVAX,"Dynavax Technologies","CITADEL SECURITIES LLC"
DVN,"DEVON ENERGY CP (OK)","CITADEL SECURITIES LLC"
DVS,"DOLLY VARDEN SILVER CORPCOM NO PAR","JANE STREET OPTIONS, LLC"
DVY,"ISHARES SELECT DIVD","CITADEL SECURITIES LLC"
DXC,"DXC TECHNOLOGY CO.","CITADEL SECURITIES LLC"
DXCM,"DEXCOM","WOLVERINE TRADING, LLC"
DXD,"PROSHARES ULTRASHORT","WOLVERINE TRADING, LLC"
DXJ,"WISDOMTREE JAP HDG","WOLVERINE TRADING, LLC"
DXLG,"Destination XL Group, Inc.","WOLVERINE TRADING, LLC"
DY,"DYCOM INDS INC","CITADEL SECURITIES LLC"
DYN,"DYNE THERAPEUTICS INCCOM","BELVEDERE TRADING LLC"
EA,"ELECTRONIC ARTS INC","CITADEL SECURITIES LLC"
EAF,"GRAFTECH INTL LTDCOM","CITADEL SECURITIES LLC"
EARN,"ELLINGTON RESIDENTIAL MTG RECOM SHS BEN INT","CITADEL SECURITIES LLC"
EAT,"BRINKER INTL INC","SUSQUEHANNA SECURITIES, LLC"
EATZ,"ADVISORSHARES TRRESTAURANT ETF","BELVEDERE TRADING LLC"
EBAY,"EBAY INC.","IMC-CHICAGO, LLC"
ECG,"EVERUS CONSTR GROUPCOM","BELVEDERE TRADING LLC"
ECL,"ECOLAB INC","CITADEL SECURITIES LLC"
ED,"CONS EDISON INC","CITADEL SECURITIES LLC"
EDAP,"EDAP TMS SA ADR","CITADEL SECURITIES LLC"
EDC,"EMERGING MKTS BULL3X","SUSQUEHANNA SECURITIES, LLC"
EDIT,"EDITAS MEDICINE CM","CITADEL SECURITIES LLC"
EDU,"NEW ORIENTAL EDUCATI","CITADEL SECURITIES LLC"
EE,"EXCELERATE ENERGY INCCL A COM","CITADEL SECURITIES LLC"
EEFT,"EURONET WORLDWIDE","CITADEL SECURITIES LLC"
EEM,"ISHARES MSCI EMERGING MARKETS ETF","WOLVERINE TRADING, LLC"
EFA,"ISHARES MSCI EAFE ET","CITADEL SECURITIES LLC"
EFC,"ELLINGTON FINANCIAL INC.","*** No LMM ***"
EFV,"iShares MSCI EAFE Value ETF","WOLVERINE TRADING, LLC"
EFX,"EQUIFAX INC","CITADEL SECURITIES LLC"
EFXT,"Enerflex Ltd.","BELVEDERE TRADING LLC"
EGAN,"eGain Corporation","SUSQUEHANNA SECURITIES, LLC"
EGHT,"8X8 INC","CITADEL SECURITIES LLC"
EGO,"ELDORADO GOLD CORP","WOLVERINE TRADING, LLC"
EH,"EHANG HLDGS LTDADS","CITADEL SECURITIES LLC"
EHAB,"Enhabit, Inc.","CITADEL SECURITIES LLC"
EHC,"Encompass Health Corporation","CITADEL SECURITIES LLC"
EHTH,"EHEALTH, INC.","CITADEL SECURITIES LLC"
EIPI,"FIRST TR EXCHNG TRADED FD VIFT ENERGY INCOME","BELVEDERE TRADING LLC"
EIX,"EDISON INTL","CITADEL SECURITIES LLC"
EL,"ESTEE LAUDER COS INC","WOLVERINE TRADING, LLC"
ELA,"ENVELA CORPCOM","CITADEL SECURITIES LLC"
ELAN,"ELANCO ANIMAL HEALTH INCCOM","WOLVERINE TRADING, LLC"
ELDN,"ELEDON PHARMACEUTICALS INCCOM","CITADEL SECURITIES LLC"
ELF,"E L F BEAUTY INCCOM","CITADEL SECURITIES LLC"
ELTX,"ELICIO THERAPEUTICS INCCOM","SIMPLEX TRADING, LLC"
ELV,"Elevance Health, Inc.","CITADEL SECURITIES LLC"
ELVN,"Enliven Therapeutics, Inc.","SUSQUEHANNA SECURITIES, LLC"
EMB,"ISHARES JP MORGAN","SUSQUEHANNA SECURITIES, LLC"
EMBC,"EMBECTA CORPCOMMON STOCK","SUSQUEHANNA SECURITIES, LLC"
EMN,"EASTMAN CHEM CO","CITADEL SECURITIES LLC"
EMR,"EMERSON ELEC CO","SUSQUEHANNA SECURITIES, LLC"
EMX,"EMX RTY CORPCOM","CITADEL SECURITIES LLC"
ENB,"ENBRIDGE INCCOM","CITADEL SECURITIES LLC"
ENFY,"Enlightify Inc.","SIMPLEX TRADING, LLC"
ENLT,"ENLIGHT RENEWABLE ENERGY LTD.","BELVEDERE TRADING LLC"
ENOV,"Enovis Corporation","CITADEL SECURITIES LLC"
ENPH,"ENPHASE ENERGY, INC.","CITADEL SECURITIES LLC"
ENS,"ENERSYS","CITADEL SECURITIES LLC"
ENTG,"ENTEGRIS INC","CITADEL SECURITIES LLC"
ENTX,"ENTERA BIO LTDSHS","BELVEDERE TRADING LLC"
ENVA,"ENOVA INT'L INC","CITADEL SECURITIES LLC"
ENVX,"Enovix Corporation","CITADEL SECURITIES LLC"
EOG,"EOG RESOURCES INC","IMC-CHICAGO, LLC"
EOLS,"EVOLUS INCCOM","CITADEL SECURITIES LLC"
EOSE,"Eos Energy Enterprises, Inc. Class A","SUSQUEHANNA SECURITIES, LLC"
EPC,"EDGEWELL PERSONAL","CITADEL SECURITIES LLC"
EPD,"ENTERPRISE PT UTS","WOLVERINE TRADING, LLC"
EPI,"WISDOMTREE INDIA","SUSQUEHANNA SECURITIES, LLC"
EPIX,"ESSA PHARMA INCCOM NEW","SUSQUEHANNA SECURITIES, LLC"
EPRT,"ESSENTIAL PPTYS RLTY TR INCCOM","CITADEL SECURITIES LLC"
EPSN,"EPSILON ENERGY LTDCOM","CITADEL SECURITIES LLC"
EQ,"EQUILLIUM INCCOM","CITADEL SECURITIES LLC"
EQAL,"INVESCO EXCH TRADED FD TR IIRUSEL 1000 EQL","BELVEDERE TRADING LLC"
EQBK,"EQUITY BANCSHARES INCCOM CL A","CITADEL SECURITIES LLC"
EQIX,"Equinix, Inc. REIT","CITADEL SECURITIES LLC"
EQNR,"EQIUNOR ASA","WOLVERINE TRADING, LLC"
EQR,"EQUITY RESIDENTAL","CITADEL SECURITIES LLC"
EQT,"EQT CORPORATION","WOLVERINE TRADING, LLC"
EQWL,"INVESCO EXCHANGE TRADED FD TS&P 100 EQL WIGH","BELVEDERE TRADING LLC"
EQX,"EQUINOX GOLD CORPCOM","SUSQUEHANNA SECURITIES, LLC"
ERAS,"ERASCA INCCOM","CITADEL SECURITIES LLC"
ERIC,"ERICSSON ADR","WOLVERINE TRADING, LLC"
ERIE,"ERIE INDTY COCL A","SUSQUEHANNA SECURITIES, LLC"
ERO,"ERO COPPER CORPCOM","SIMPLEX TRADING, LLC"
ERX,"DIREXION DAILY ENERGY BULL 2X SHARES","SUSQUEHANNA SECURITIES, LLC"
ERY,"Direxion Daily Energy Bear 2X Shares","CITADEL SECURITIES LLC"
ES,"Eversource Energy","WOLVERINE TRADING, LLC"
ESAB,"ESAB Corporation","SUSQUEHANNA SECURITIES, LLC"
ESI,"Element Solutions Inc.","WOLVERINE TRADING, LLC"
ESLT,"ELBIT SYS LTDORD","SUSQUEHANNA SECURITIES, LLC"
ESPR,"ESPERION THERAPTC CM","CITADEL SECURITIES LLC"
ESTA,"ESTABLISHMENT LABS HLDGS INCCOM","CITADEL SECURITIES LLC"
ESTC,"ELASTIC N VORD SHS","CITADEL SECURITIES LLC"
ET,"ENERGY TRANSFER LP","CITADEL SECURITIES LLC"
ETH,"GRAYSCALE ETHEREUM MINI TR ESHS NEW","SUSQUEHANNA SECURITIES, LLC"
ETHA,"ISHARES ETHEREUM TRSHS","IMC-CHICAGO, LLC"
ETHD,"PROSHARES TRULTRASHORT ETHER","IMC-CHICAGO, LLC"
ETHE,"GRAYSCALE ETHEREUM TRUST ETFSHS","JANE STREET OPTIONS, LLC"
ETHM,"DYNAMIX CORPSHS CL A","BELVEDERE TRADING LLC"
ETHT,"PROSHARES TRULTRA ETHER ETF","JANE STREET OPTIONS, LLC"
ETHU,"VOLATILITY SHS TR2X ETHER ETF","WOLVERINE TRADING, LLC"
ETHW,"BITWISE ETHEREUM ETFSHS","WOLVERINE TRADING, LLC"
ETHZ,"ETHZilla Corporation","JANE STREET OPTIONS, LLC"
ETN,"EATON CP PLC","CITADEL SECURITIES LLC"
ETNB,"89BIO INCCOM","CITADEL SECURITIES LLC"
ETON,"ETON PHARMACEUTICALS INCCOM","CITADEL SECURITIES LLC"
ETOR,"ETORO GROUP","IMC-CHICAGO, LLC"
ETR,"ENTERGY CP","CITADEL SECURITIES LLC"
ETSY,"ETSY INC COMMON STK","WOLVERINE TRADING, LLC"
EU,"ENCORE ENERGY CORP.","CITADEL SECURITIES LLC"
EUO,"PROSHS ULTRASHT EURO","SUSQUEHANNA SECURITIES, LLC"
EVCM,"EVERCOMMERCE INCCOM","CITADEL SECURITIES LLC"
EVEX,"ZANITE ACQUISITION CORPCOM CL A","SUSQUEHANNA SECURITIES, LLC"
EVGO,"EVgo Inc","SUSQUEHANNA SECURITIES, LLC"
EVH,"EVOLENT HEALTH, INC.","CITADEL SECURITIES LLC"
EVLV,"Evolv  Technologies Holdings, Inc","CITADEL SECURITIES LLC"
EVR,"EVERCORE INC.","CITADEL SECURITIES LLC"
EVTL,"Vertical Aerospace Ltd.","WOLVERINE TRADING, LLC"
EW,"EDWARDS LIFESCIENCES","CITADEL SECURITIES LLC"
EWA,"ISHARE MSCI AUSTRALI","SUSQUEHANNA SECURITIES, LLC"
EWC,"ISHARE MSCI CANADA","CITADEL SECURITIES LLC"
EWCZ,"EUROPEAN WAX CTR INCCLASS A COM","SUSQUEHANNA SECURITIES, LLC"
EWG,"ISHARE MSCI GERMANY","CITADEL SECURITIES LLC"
EWH,"ISHARE MSCI HONGKONG","WOLVERINE TRADING, LLC"
EWJ,"ISHARES MSCI JAPAN ETF","WOLVERINE TRADING, LLC"
EWT,"ISHARE MSCI TAIWAN ETF","IMC-CHICAGO, LLC"
EWTX,"EDGEWISE THERAPEUTICS INCCOM","CITADEL SECURITIES LLC"
EWW,"ISHARE MSCI MEXICO ETF","WOLVERINE TRADING, LLC"
EWY,"ISHARES MSCI SOUTH KOREA ETF","SUSQUEHANNA SECURITIES, LLC"
EWZ,"ISHARES MSCI BRAZIL ETF","WOLVERINE TRADING, LLC"
EWZS,"ISHARES TRBRAZIL SM-CP ETF","WOLVERINE TRADING, LLC"
EXAS,"EXACT SCIENCES COR","CITADEL SECURITIES LLC"
EXC,"EXELON CORPORATION","CITADEL SECURITIES LLC"
EXE,"Expand Energy  Corporation","CITADEL SECURITIES LLC"
EXEL,"EXELIXIS, INC.","CITADEL SECURITIES LLC"
EXFY,"EXPENSIFY INCCOM CL A","CITADEL SECURITIES LLC"
EXK,"ENDEAVOUR SILVER COR","CITADEL SECURITIES LLC"
EXP,"EAGLE MATERIALS INC","CITADEL SECURITIES LLC"
EXPD,"EXPEDITORS INTL","WOLVERINE TRADING, LLC"
EXPE,"EXPEDIA, INC.","CITADEL SECURITIES LLC"
EXPI,"EXP WORLD HLDGS INCCOM","CITADEL SECURITIES LLC"
EXTR,"EXTREME NETWORKS","CITADEL SECURITIES LLC"
EYPT,"EyePoint Pharmaceuticals, Inc.","CITADEL SECURITIES LLC"
EZPW,"EZCORP, INC.","SUSQUEHANNA SECURITIES, LLC"
F,"FORD MOTOR CO","CITADEL SECURITIES LLC"
FA,"FIRST ADVANTAGE CORP NEWCOM","CITADEL SECURITIES LLC"
FANG,"DIAMONDBACK ENERGY INCCOM","WOLVERINE TRADING, LLC"
FARM,"FARMER BROS COCOM","SUSQUEHANNA SECURITIES, LLC"
FAS,"DIREXION FINANCIAL","CITADEL SECURITIES LLC"
FAST,"FASTENAL CO","WOLVERINE TRADING, LLC"
FATE,"FATE THERAPEUTICS INCCOM","CITADEL SECURITIES LLC"
FAZ,"FINANCIAL BEAR 3XNEW","CITADEL SECURITIES LLC"
FBIN,"FORTUNE BRANDS HOME","CITADEL SECURITIES LLC"
FBK,"FB FINL CORPCOM","CITADEL SECURITIES LLC"
FBL,"GRANITESHARES ETF TR1.5X LNG META DL","JANE STREET OPTIONS, LLC"
FBRT,"Franklin BSP Realty Trust, Inc.","CITADEL SECURITIES LLC"
FBTC,"Fidelity Wise Origin Bitcoin","WOLVERINE TRADING, LLC"
FBY,"TIDAL ETF TR IIYIELDMAX META","CITADEL SECURITIES LLC"
FCEL,"FUELCELL ENERGY INC","CITADEL SECURITIES LLC"
FCN,"FTI CONSULTING INC","SUSQUEHANNA SECURITIES, LLC"
FCX,"FREEPORT MCMORAN","WOLVERINE TRADING, LLC"
FDMT,"4D MOLECULAR THERAPEUTICS INCOM","CITADEL SECURITIES LLC"
FDS,"FACTSET RESEARCH SYS","CITADEL SECURITIES LLC"
FDV,"FEDERATED HERMES ETF TRUSTUS STRATEGIC DIV","BELVEDERE TRADING LLC"
FDX,"FEDEX CORP","CITADEL SECURITIES LLC"
FE,"FIRSTENERGY CP","WOLVERINE TRADING, LLC"
FEPI,"ETF OPPORTUNITIES TRUSTREX FANG & INNOV","CITADEL SECURITIES LLC"
FER,"FERROVIAL SEORD SHS","IMC-CHICAGO, LLC"
FERG,"FERGUSON PLC NEWSHS","SIMPLEX TRADING, LLC"
FET,"FORUM ENERGY TECHNOLOGIES INCOM","SUSQUEHANNA SECURITIES, LLC"
FETH,"FIDELITY ETHEREUM FDSHS","CITADEL SECURITIES LLC"
FEZ,"SPDR EURO STOXX 50","SUSQUEHANNA SECURITIES, LLC"
FFAI,"Faraday  Future Intelligent Electric Inc.","WOLVERINE TRADING, LLC"
FFIV,"F5 NETWORKS, INC.","SUSQUEHANNA SECURITIES, LLC"
FFWM,"FIRST FNDTN INCCOM","CITADEL SECURITIES LLC"
FG,"F&G ANNUITIES & LIFE INCCOMMON STOCK","SUSQUEHANNA SECURITIES, LLC"
FHN,"First Horizon Corporation","SUSQUEHANNA SECURITIES, LLC"
FHTX,"FOGHORN THERAPEUTICS INCCOM","CITADEL SECURITIES LLC"
FI,"FISERV INC","CITADEL SECURITIES LLC"
FIAT,"TIDAL TR IIYIELDMAX SHORT","CITADEL SECURITIES LLC"
FIG,"FIGMA INCCLASS A COM STK","CITADEL SECURITIES LLC"
FIGS,"Figs Inc.","CITADEL SECURITIES LLC"
FINV,"FinVolution Group","CITADEL SECURITIES LLC"
FINX,"GLOBAL X FDSFINTECH ETF","CITADEL SECURITIES LLC"
FIP,"FTAI Infrastructure Inc.","CITADEL SECURITIES LLC"
FIS,"FIDELITY NAT INF SVC","SUSQUEHANNA SECURITIES, LLC"
FISI,"FINANCIAL INSTNS INC","BELVEDERE TRADING LLC"
FITB,"FIFTH THIRD BNCP","WOLVERINE TRADING, LLC"
FITE,"SPDR SER TRS&P KENSHO FUTRE","SIMPLEX TRADING, LLC"
FIVE,"FIVE BELOW, INC.","SUSQUEHANNA SECURITIES, LLC"
FIVN,"FIVE9 INCCOM","CITADEL SECURITIES LLC"
FKWL,"FRANKLIN WIRELESS CORPCOM","BELVEDERE TRADING LLC"
FLD,"FTAC EMERALD ACQUISITION CORCOM CL A","SIMPLEX TRADING, LLC"
FLEX,"FLEX LTD.","WOLVERINE TRADING, LLC"
FLG,"Flagstar Financial, Inc","SUSQUEHANNA SECURITIES, LLC"
FLGT,"FULGENT GENETICS INCCOM","CITADEL SECURITIES LLC"
FLL,"FULL HOUSE RESORTS, INC.","CITADEL SECURITIES LLC"
FLNC,"FLUENCE ENERGY INCCOM CL A","CITADEL SECURITIES LLC"
FLNG,"FLEX LNG LTDSHS","CITADEL SECURITIES LLC"
FLR,"FLUOR CP (NEW)","SUSQUEHANNA SECURITIES, LLC"
FLS,"FLOWSERVE CP","SUSQUEHANNA SECURITIES, LLC"
FLUT,"FLUTTER ENTMT PLCSHS","WOLVERINE TRADING, LLC"
FLUX,"FLUX PWR HLDGS INCCOM NEW","SUSQUEHANNA SECURITIES, LLC"
FLY,"FIREFLY AEROSPACE INCCOM","CITADEL SECURITIES LLC"
FLYW,"FLYWIRE CORPORATIONCOM VTG","SIMPLEX TRADING, LLC"
FMAO,"FARMERS & MERCHANTS BANCORPCOM","BELVEDERE TRADING LLC"
FMBH,"FIRST MID ILL BANCSHARES INCCOM","CITADEL SECURITIES LLC"
FMC,"F M C CP","CITADEL SECURITIES LLC"
FMNB,"FARMERS NATL BANC CORPCOM","CITADEL SECURITIES LLC"
FNF,"FNF GROUP","WOLVERINE TRADING, LLC"
FNGR,"FINGERMOTION INCCOM","CITADEL SECURITIES LLC"
FNKO,"FUNKO INCCOM CL A","CITADEL SECURITIES LLC"
FNLC,"FIRST BANCORP INC MECOM","SIMPLEX TRADING, LLC"
FNV,"FRANCO-NEV CORP","CITADEL SECURITIES LLC"
FOLD,"Amicus Therapeutics","CITADEL SECURITIES LLC"
FORA,"FORIAN INCCOM","CITADEL SECURITIES LLC"
FOSL,"FOSSIL GROUP CMN STK","SUSQUEHANNA SECURITIES, LLC"
FOUR,"SHIFT4 PMTS INCCL A","CITADEL SECURITIES LLC"
FOX,"FOX CORPCL B COM","CITADEL SECURITIES LLC"
FOXA,"FOX CORPCL A COM","IMC-CHICAGO, LLC"
FRGE,"Forge Global Holdings, Inc.","SUSQUEHANNA SECURITIES, LLC"
FRHC,"FREEDOM HLDG CORP NEVCOM","CITADEL SECURITIES LLC"
FRO,"FRONTLINE LTD","SUSQUEHANNA SECURITIES, LLC"
FROG,"JFROG LTDORD SHS","CITADEL SECURITIES LLC"
FRPT,"FRESHPET INC CS","CITADEL SECURITIES LLC"
FRSH,"FRESHWORKS INCCLASS A COM","CITADEL SECURITIES LLC"
FRST,"Primis Financial Corporation","CITADEL SECURITIES LLC"
FSBC,"FIVE STAR BANCORPCOM","BELVEDERE TRADING LLC"
FSLR,"FIRST SOLAR, INC.","CITADEL SECURITIES LLC"
FSLY,"FASTLY INCCL A","IMC-CHICAGO, LLC"
FSM,"FORTUNA SILVER MINES","CITADEL SECURITIES LLC"
FSV,"FirstService Corporation","CITADEL SECURITIES LLC"
FTAI,"FORTRESS TRANS INFRST INVS LCOM REP LTD LIAB","CITADEL SECURITIES LLC"
FTCI,"FTC SOLAR INCCOM","CITADEL SECURITIES LLC"
FTEK,"FUEL TECH INC","CITADEL SECURITIES LLC"
FTHM,"FATHOM HOLDINGS INCCOM","CITADEL SECURITIES LLC"
FTI,"TechnipFMC plc","SUSQUEHANNA SECURITIES, LLC"
FTK,"FLOTEK INDS INC (DE)","WOLVERINE TRADING, LLC"
FTNT,"FORTINET, INC.","CITADEL SECURITIES LLC"
FTRE,"FORTREA HLDGS INCCOMMON STOCK","SIMPLEX TRADING, LLC"
FTS,"FORTIS INCCOM","CITADEL SECURITIES LLC"
FTV,"FORTIVE CORP","CITADEL SECURITIES LLC"
FUBO,"FUBOTV INCCOM","IMC-CHICAGO, LLC"
FULC,"FULCRUM THERAPEUTICS INCCOM","CITADEL SECURITIES LLC"
FUTU,"FUTU HLDGS LTDSPON ADS CL A","WOLVERINE TRADING, LLC"
FVCB,"FVCBANKCORP INCCOM","BELVEDERE TRADING LLC"
FVRR,"FIVERR INTL LTDORD SHS","SUSQUEHANNA SECURITIES, LLC"
FWRG,"FIRST WATCH RESTAURANT GROUPCOM","CITADEL SECURITIES LLC"
FXA,"INVESCO CURRENCYSHARES AUSTRALIAN DOLLAR TRUST","CITADEL SECURITIES LLC"
FXC,"INVESCO CURRENCYSHARES CANADIAN DOLLAR TRUST","CITADEL SECURITIES LLC"
FXE,"INVESCO CURRENCYSHARES EURO TRUST","CITADEL SECURITIES LLC"
FXI,"ISHARES CHINA LARGE-CAP ETF","WOLVERINE TRADING, LLC"
FXP,"PROSHARES ULTRASHORT FTSE CHINA 50","WOLVERINE TRADING, LLC"
FXY,"INVESCO CURRENCYSHARES JAPANESE YEN TRUST","WOLVERINE TRADING, LLC"
FYBR,"Frontier Communications Parent, Inc.","CITADEL SECURITIES LLC"
G,"GENPACT LIMITED","CITADEL SECURITIES LLC"
GABC,"GERMAN AMERN BANCORP INCCOM","CITADEL SECURITIES LLC"
GALT,"GALECTIN THERAPEUTIC","CITADEL SECURITIES LLC"
GAMB,"GAMBLING COM GROUP LIMITEDORDINARY SHARES","CITADEL SECURITIES LLC"
GANX,"GAIN THERAPEUTICS INCCOM","CITADEL SECURITIES LLC"
GAP,"GAP INC","CITADEL SECURITIES LLC"
GBTC,"GRAYSCALE BITCOIN TRUST ETFSHS REP COM UT","IMC-CHICAGO, LLC"
GBTG,"Global Business Travel Group, Inc.","SUSQUEHANNA SECURITIES, LLC"
GBX,"GREENBRIER CO INC","CITADEL SECURITIES LLC"
GCI,"GANNETT CO. INC. NEW (Old NEWM)","CITADEL SECURITIES LLC"
GCMG,"GCM Grosvenor Inc. Class A Common Stock","CITADEL SECURITIES LLC"
GCOR,"Goldman Sachs Access U.S. Aggregate Bond ETF","BELVEDERE TRADING LLC"
GCT,"GIGACLOUD TECHNOLOGY INCCLASS A ORD","CITADEL SECURITIES LLC"
GD,"GEN DYNAMICS CP","WOLVERINE TRADING, LLC"
GDDY,"GoDaddy Inc.","CITADEL SECURITIES LLC"
GDEN,"GOLDEN ENTMT INCCOM","SIMPLEX TRADING, LLC"
GDOT,"GREEN DOT CORP","SUSQUEHANNA SECURITIES, LLC"
GDRX,"GOODRX HLDGS INCCOM CL A","WOLVERINE TRADING, LLC"
GDS,"GDS HLDGS LTDSPONSORED ADR","CITADEL SECURITIES LLC"
GDX,"VE VECT GOLD MNRS","IMC-CHICAGO, LLC"
GDXJ,"VANECK VECTORS JUNIO","SUSQUEHANNA SECURITIES, LLC"
GDXY,"TIDAL TR IIYIELDMAX GOLD MI","IMC-CHICAGO, LLC"
GDYN,"GRID DYNAMICS HLDGS INCCL A","CITADEL SECURITIES LLC"
GE,"GEN ELECTRIC CO","CITADEL SECURITIES LLC"
GEHC,"GE HEALTHCARE TECHNOLOGIES ICOMMON STOCK","CITADEL SECURITIES LLC"
GEL,"GENESIS ENERGY LP","CITADEL SECURITIES LLC"
GEN,"Gen Digital Inc.","WOLVERINE TRADING, LLC"
GENC,"GENCOR INDS INCCOM","BELVEDERE TRADING LLC"
GENI,"Genius Sports Limited","CITADEL SECURITIES LLC"
GEO,"GEO GROUP INC (THE)","SUSQUEHANNA SECURITIES, LLC"
GEOS,"GEOSPACE TECHNOLOGIE","CITADEL SECURITIES LLC"
GERN,"GERON CORPORATION","CITADEL SECURITIES LLC"
GES,"GUESS INC.","CITADEL SECURITIES LLC"
GETY,"Getty Images Holdings, Inc.","SUSQUEHANNA SECURITIES, LLC"
GEV,"GE VERNOVA LLCCOM","IMC-CHICAGO, LLC"
GEVO,"GEVO INCCOM PAR","SUSQUEHANNA SECURITIES, LLC"
GFI,"GOLD FIELDS LIMITED","WOLVERINE TRADING, LLC"
GFS,"GLOBALFOUNDRIES INCORDINARY SHARES","CITADEL SECURITIES LLC"
GGAL,"GRUPO FIN GALICIA","SUSQUEHANNA SECURITIES, LLC"
GGB,"GERDAU SA ADS","SUSQUEHANNA SECURITIES, LLC"
GGR,"Gogoro Inc.","CITADEL SECURITIES LLC"
GH,"GUARDANT HEALTH INCCOM","CITADEL SECURITIES LLC"
GHRS,"GH RESEARCH PLCORDINARY SHARES","CITADEL SECURITIES LLC"
GII,"SPDR INDEX SHS FDSS&P GBLINF ETF","WOLVERINE TRADING, LLC"
GIII,"G-III APPAREL GP I","CITADEL SECURITIES LLC"
GIL,"GILDAN ACTIVEWEAR","SUSQUEHANNA SECURITIES, LLC"
GILD,"GILEAD SCIENCES, INC","CITADEL SECURITIES LLC"
GILT,"GILAT SATELLITE NETWORKS LTDSHS NEW","CITADEL SECURITIES LLC"
GIS,"GEN MILLS INC","WOLVERINE TRADING, LLC"
GKOS,"GLAUKOS CORPCOM","WOLVERINE TRADING, LLC"
GLBE,"GLOBAL E ONLINE LTDSHS","CITADEL SECURITIES LLC"
GLBS,"GLOBUS MARITIME LIMITED NEWCOM NEW","WOLVERINE TRADING, LLC"
GLD,"SPDR GOLD SHARES","WOLVERINE TRADING, LLC"
GLGG,"THEMES ETF TRLEVERAGE SHS 2X","SIMPLEX TRADING, LLC"
GLNG,"GOLAR LNG LTD","SUSQUEHANNA SECURITIES, LLC"
GLPI,"GAMING & LEISURE PPTYS INCCOM","CITADEL SECURITIES LLC"
GLUE,"MONTE ROSA THERAPEUTICS INCCOM","SUSQUEHANNA SECURITIES, LLC"
GLW,"CORNING INC","WOLVERINE TRADING, LLC"
GLXY,"GALAXY DIGITAL INC.CL A","WOLVERINE TRADING, LLC"
GM,"GENERAL MOTORS CO","IMC-CHICAGO, LLC"
GME,"GAMESTOP CORP","IMC-CHICAGO, LLC"
GMED,"GLOBUS MEDICAL, INC.","SUSQUEHANNA SECURITIES, LLC"
GNE,"GENIE ENERGY LTD.","CITADEL SECURITIES LLC"
GNK,"GENCO SHIPPING & TRADING LTDSHS","WOLVERINE TRADING, LLC"
GNL,"GLOBAL NET LEASE INCCOM","WOLVERINE TRADING, LLC"
GNLX,"GENELUX CORPORATIONCOM","CITADEL SECURITIES LLC"
GNRC,"GENERAC HLDS INC","SUSQUEHANNA SECURITIES, LLC"
GNTX,"GENTEX CORP","CITADEL SECURITIES LLC"
GNTY,"Guaranty Bancshares Inc/TX","BELVEDERE TRADING LLC"
GNW,"Genworth Financial, Inc. (Holding Company)","SUSQUEHANNA SECURITIES, LLC"
GOGO,"GOGO INC CMN STK","SUSQUEHANNA SECURITIES, LLC"
GOLF,"ACUSHNET HOLDINGS CORPCOM","SUSQUEHANNA SECURITIES, LLC"
GOLY,"STRATEGY SHARES GOLD-HEDGED BOND ETF","BELVEDERE TRADING LLC"
GOOG,"ALPHABET CL C CAP","OPTIVER US LLC"
GOOGL,"ALPHABET CL A CMN","OPTIVER US LLC"
GOOS,"CANADA GOOSE HOLDINGS INC","CITADEL SECURITIES LLC"
GORO,"GOLD RESOURCE CORP","WOLVERINE TRADING, LLC"
GOSS,"GOSSAMER BIO INCCOM","CITADEL SECURITIES LLC"
GOTU,"GSX TECHEDU INCSPONSORED ADS","IMC-CHICAGO, LLC"
GPC,"GENUINE PARTS CO","CITADEL SECURITIES LLC"
GPCR,"STRUCTURE THERAPEUTICS INCSPONSORED ADS","SIMPLEX TRADING, LLC"
GPK,"GRAPHIC PACKAGING HO","CITADEL SECURITIES LLC"
GPMT,"GRANITE PT MTG TR INCCOM","CITADEL SECURITIES LLC"
GPN,"GLOBAL PAYMENTS INC","CITADEL SECURITIES LLC"
GPOR,"GULFPORT ENERGY CORPCOMMON SHARES","CITADEL SECURITIES LLC"
GPRE,"GREEN PLAINS INC CMN","SUSQUEHANNA SECURITIES, LLC"
GPRO,"GOPRO INC CL A CMN","CITADEL SECURITIES LLC"
GRAB,"Grab Holdings Limited","SUSQUEHANNA SECURITIES, LLC"
GRAL,"GRAIL INCCOM","IMC-CHICAGO, LLC"
GRBK,"Green Brick Partners Inc","SUSQUEHANNA SECURITIES, LLC"
GRMN,"GARMIN LTD","CITADEL SECURITIES LLC"
GRND,"Grindr Inc.","SIMPLEX TRADING, LLC"
GRNT,"Granite Ridge Resources, Inc.","BELVEDERE TRADING LLC"
GRNY,"TIDAL ETF TRFUNDSTRAT GRANNY","CITADEL SECURITIES LLC"
GROV,"GROVE COLLABORATIVE HOLD INCCOM CL A","CITADEL SECURITIES LLC"
GROW,"U S GLOBAL INVS INC","CITADEL SECURITIES LLC"
GROY,"GOLD ROYALTY CORPCOMMON SHARES","WOLVERINE TRADING, LLC"
GRPN,"GROUPON INC.","CITADEL SECURITIES LLC"
GRRR,"GORILLA TECHNOLOGY GROUP INCORDINARY SHARES","WOLVERINE TRADING, LLC"
GRWG,"GROWGENERATION CORPCOM","CITADEL SECURITIES LLC"
GS,"GOLDMAN SACHS GRP","CITADEL SECURITIES LLC"
GSAT,"Globalstar Inc","CITADEL SECURITIES LLC"
GSBC,"GREAT SOUTHN BANCORP INCCOM","CITADEL SECURITIES LLC"
GSBD,"GOLDMAN SACHS BDC INCSHS","WOLVERINE TRADING, LLC"
GSHD,"GOOSEHEAD INS INCCOM CL A","CITADEL SECURITIES LLC"
GSIT,"GSI TECHNOLOGYCOM","SUSQUEHANNA SECURITIES, LLC"
GSK,"GSK plc","IMC-CHICAGO, LLC"
GSL,"GLOBAL SHIP LEASE INC NEWCOM CL A","CITADEL SECURITIES LLC"
GSM,"FERROGLOBE PLC OS","CITADEL SECURITIES LLC"
GSRT,"GSR III ACQUISITION CORPCL A","IMC-CHICAGO, LLC"
GT,"GOODYEAR TIRE RUBBER","WOLVERINE TRADING, LLC"
GTE,"GRAN TIERRA ENERGY","SUSQUEHANNA SECURITIES, LLC"
GTLB,"GITLAB INCCLASS A COM","CITADEL SECURITIES LLC"
GTLS,"CHART INDUSTRIES, IN","CITADEL SECURITIES LLC"
GTM,"ZOOMINFO TECHNOLOGIES INCCOM CL A","CITADEL SECURITIES LLC"
GTN,"GRAY TELEVISION INC","CITADEL SECURITIES LLC"
GTX,"GARRETT MOTION INCCOM","SIMPLEX TRADING, LLC"
GURE,"Gulf Resources, Inc. (NV)","BELVEDERE TRADING LLC"
GVI,"iShares Intermediate Government/Credit Bond ETF","SIMPLEX TRADING, LLC"
GWRS,"GLOBAL WTR RES INCCOM","WOLVERINE TRADING, LLC"
GWW,"GRAINGER W W INC","SUSQUEHANNA SECURITIES, LLC"
GXO,"GXO LOGISTICS INCORPORATEDCOMMON STOCK","CITADEL SECURITIES LLC"
GYRE,"Gyre Therapeutics, Inc.","CITADEL SECURITIES LLC"
H,"HYATT HOTELS CORP","SUSQUEHANNA SECURITIES, LLC"
HAFN,"HAFNIA LTDORD SHS","WOLVERINE TRADING, LLC"
HAIN,"HAIN CELESTIAL GRP","CITADEL SECURITIES LLC"
HAL,"HALLIBURTON CO","CITADEL SECURITIES LLC"
HALO,"HALOZYME THERAPEUTIC","CITADEL SECURITIES LLC"
HAS,"HASBRO INC","CITADEL SECURITIES LLC"
HASI,"HANNON ARMSTRONG","CITADEL SECURITIES LLC"
HAYW,"HAYWARD HLDGS INCCOM","SUSQUEHANNA SECURITIES, LLC"
HBAN,"HUNTINGTON BCSHS","SUSQUEHANNA SECURITIES, LLC"
HBB,"HAMILTON BEACH BRANDS HLDG CCOM CL A","CITADEL SECURITIES LLC"
HBCP,"HOME BANCORP INCCOM","BELVEDERE TRADING LLC"
HBI,"HANESBRANDS INC.","CITADEL SECURITIES LLC"
HBNC,"Horizon Bancorp, Inc.","WOLVERINE TRADING, LLC"
HBT,"HBT FINL INC.COM","BELVEDERE TRADING LLC"
HCA,"HCA HEALTHCARE, INC.","CITADEL SECURITIES LLC"
HCAT,"HEALTH CATALYST INCCOM","SUSQUEHANNA SECURITIES, LLC"
HCC,"WARRIOR MET COAL INCCOM","CITADEL SECURITIES LLC"
HCI,"HCI Group, Inc","CITADEL SECURITIES LLC"
HCM,"HUTCHMED (China) Limited","BELVEDERE TRADING LLC"
HD,"HOME DEPOT INC","WOLVERINE TRADING, LLC"
HDB,"HDFC BANK LTD","SUSQUEHANNA SECURITIES, LLC"
HE,"HAWAIIAN ELEC INDUSTRIES","CITADEL SECURITIES LLC"
HEI,"HEICO CORP NEW","SIMPLEX TRADING, LLC"
HERO,"GLOBAL X FDSVDEO GAM ESPRT","SUSQUEHANNA SECURITIES, LLC"
HESM,"Hess Midstream LP","WOLVERINE TRADING, LLC"
HFFG,"HF FOODS GROUP INCCOM","CITADEL SECURITIES LLC"
HFWA,"Heritage Financial Corporation","CITADEL SECURITIES LLC"
HG,"HAMILTON INSURANCE GROUP LTDCL B","CITADEL SECURITIES LLC"
HGTY,"HAGERTY INCCL A COM","CITADEL SECURITIES LLC"
HGV,"HILTON GRAND VAC","CITADEL SECURITIES LLC"
HIG,"HARTFORD FIN SVC","WOLVERINE TRADING, LLC"
HIGH,"SIMPLIFY EXCHANGE TRADED FUNENHANCED INM ETF","BELVEDERE TRADING LLC"
HIMS,"Hims & Hers Health, Inc. Class A","WOLVERINE TRADING, LLC"
HIMX,"HIMAX TECHNOLOGIES","CITADEL SECURITIES LLC"
HIMZ,"TIDAL TR IIDEFIANCE DAILY","JANE STREET OPTIONS, LLC"
HIPO,"Hippo Holdings Inc.","SUSQUEHANNA SECURITIES, LLC"
HIPS,"GRANITESHARES ETF TRHIPS US HIGH INC","WOLVERINE TRADING, LLC"
HITI,"HIGH TIDE INCCOM NEW","CITADEL SECURITIES LLC"
HIVE,"HIVE BLOCKCHAIN TECHNLGIES LCOM","CITADEL SECURITIES LLC"
HL,"HECLA MINING CO","WOLVERINE TRADING, LLC"
HLF,"HERBALIFE LTD.","CITADEL SECURITIES LLC"
HLLY,"Holley Inc.","CITADEL SECURITIES LLC"
HLMN,"Hillman Solutions  Corporation","SUSQUEHANNA SECURITIES, LLC"
HLN,"Haleon plc","BELVEDERE TRADING LLC"
HLNE,"HAMILTON LANE INCCL A","SUSQUEHANNA SECURITIES, LLC"
HLT,"HILTON WW INC.","CITADEL SECURITIES LLC"
HLX,"HELIX ENERGY SOLUTNS","CITADEL SECURITIES LLC"
HMC,"HONDA MOTOR CO ADR","CITADEL SECURITIES LLC"
HMY,"HARMONY GOLD MINING","WOLVERINE TRADING, LLC"
HNGE,"HINGE HEALTH INCCL A","JANE STREET OPTIONS, LLC"
HNRG,"HALLADOR ENERGY COMPANYCOM","CITADEL SECURITIES LLC"
HNST,"HONEST CO INCCOM","WOLVERINE TRADING, LLC"
HODL,"VANECK BITCOIN ETFSH BEN INT","WOLVERINE TRADING, LLC"
HOG,"HARLEY DAVIDSON","CITADEL SECURITIES LLC"
HOLX,"HOLOGIC, INC.","CITADEL SECURITIES LLC"
HON,"HONEYWELL INTL INC","SUSQUEHANNA SECURITIES, LLC"
HOND,"HCM II ACQUISITION CORPSHS CL A","CITADEL SECURITIES LLC"
HONE,"HARBORONE BANCORP INC NEWCOM NEW","WOLVERINE TRADING, LLC"
HOOD,"Robinhood Markets Inc","CITADEL SECURITIES LLC"
HOUS,"Anywhere Real Estate Inc.","CITADEL SECURITIES LLC"
HOWL,"WEREWOLF THERAPEUTICS INCCOM","BELVEDERE TRADING LLC"
HP,"HELMERICH PAYNE","SUSQUEHANNA SECURITIES, LLC"
HPE,"HEWLETT PACKARD ENT","CITADEL SECURITIES LLC"
HPK,"HIGHPEAK ENERGY INCCOM","WOLVERINE TRADING, LLC"
HPQ,"HP Inc.","WOLVERINE TRADING, LLC"
HR,"HEALTHCARE RLTY TR","CITADEL SECURITIES LLC"
HRB,"H R BLOCK INC","WOLVERINE TRADING, LLC"
HRI,"Herc Holdings Inc.","SUSQUEHANNA SECURITIES, LLC"
HRL,"HORMEL FOODS CP","CITADEL SECURITIES LLC"
HRMY,"HARMONY BIOSCIENCES HLDGS INCOM","CITADEL SECURITIES LLC"
HROW,"Harrow Health, Inc.","CITADEL SECURITIES LLC"
HRTS,"TEMA ETF TRUSTOBESITY & CARDIO","WOLVERINE TRADING, LLC"
HRTX,"HERON THERAPEUTICS","CITADEL SECURITIES LLC"
HSAI,"HESAI GROUPSPONSORED ADS","SIMPLEX TRADING, LLC"
HSBC,"HSBC HLDGS PLC ADS","SUSQUEHANNA SECURITIES, LLC"
HST,"HOST HOTELS & RESORT","CITADEL SECURITIES LLC"
HSY,"THE HERSHEY COMPANY","CITADEL SECURITIES LLC"
HTH,"HILLTOP HOLDINGS","SUSQUEHANNA SECURITIES, LLC"
HTHT,"CHINA LODG GRP ADS","CITADEL SECURITIES LLC"
HTZ,"Hertz Global Holdings, Inc.","CITADEL SECURITIES LLC"
HUBS,"HUBSPOT, INC.","SUSQUEHANNA SECURITIES, LLC"
HUM,"HUMANA INC","CITADEL SECURITIES LLC"
HUMA,"Humacyte, Inc.","CITADEL SECURITIES LLC"
HUN,"HUNTSMAN CORPORATION","CITADEL SECURITIES LLC"
HUT,"HUT 8 Corporation","WOLVERINE TRADING, LLC"
HUYA,"HUYA INCADS REP SHS A","CITADEL SECURITIES LLC"
HWKN,"HAWKINS INC","SIMPLEX TRADING, LLC"
HWM,"Howmet Aerospace Inc.","WOLVERINE TRADING, LLC"
HYFT,"MindWalk  Holdings Corporation","CITADEL SECURITIES LLC"
HYG,"ISHARES BOXX $ HIGH YIELD CORPORATE BOND ETF","WOLVERINE TRADING, LLC"
HYLN,"Hyliion Holdings Corporation","CITADEL SECURITIES LLC"
HYMC,"HYCROFT MINING HOLDING CORPCOM CL A","SUSQUEHANNA SECURITIES, LLC"
IAC,"IAC/InterActive Corp Common Stock","CITADEL SECURITIES LLC"
IAG,"IAMGOLD CORPORATION","WOLVERINE TRADING, LLC"
IAS,"INTEGRAL AD SCIENCE HLDNG COCOM","SUSQUEHANNA SECURITIES, LLC"
IAU,"ISHARES GOLD TRUST","SUSQUEHANNA SECURITIES, LLC"
IBB,"ISHARE NQ BIOTCH ETF","CITADEL SECURITIES LLC"
IBIT,"ISHARES BITCOIN TRUST ETFSHS BEN INT","IMC-CHICAGO, LLC"
IBKR,"INTERACTIVE BROKERS GROUP INC.","CITADEL SECURITIES LLC"
IBM,"INTL BUSINESS MACH","CITADEL SECURITIES LLC"
IBN,"ICICI BK LTD ADS","CITADEL SECURITIES LLC"
IBRX,"ImmunityBio, Inc.","WOLVERINE TRADING, LLC"
IBTA,"IBOTTA INCCLASS A COM SHS","CITADEL SECURITIES LLC"
ICE,"INTERCONTINENTAL XCH","CITADEL SECURITIES LLC"
ICL,"ICL Group Ltd.","CITADEL SECURITIES LLC"
ICLN,"ISHARES TRGL CLEAN ENE ETF","SUSQUEHANNA SECURITIES, LLC"
IDCC,"INTERDIGITAL INC","WOLVERINE TRADING, LLC"
IDN,"INTELLICHECK INC","CITADEL SECURITIES LLC"
IDR,"IDAHO STRATEGIC RESOURCESCOM NEW","BELVEDERE TRADING LLC"
IDYA,"IDEAYA BIOSCIENCES INCCOM","CITADEL SECURITIES LLC"
IE,"IVANHOE ELECTRIC INCCOM","SUSQUEHANNA SECURITIES, LLC"
IEDI,"iShares U.S. Consumer Focused ETF","IMC-CHICAGO, LLC"
IEF,"ISHARES 7-10 YEAR TREASURY BOND ETF","CITADEL SECURITIES LLC"
IEP,"ICAHN ENTERPRISES LPDEPOSITARY UNIT","CITADEL SECURITIES LLC"
IESC,"IES Holdings, Inc.","SUSQUEHANNA SECURITIES, LLC"
IFF,"INTL FLAVORS FRAG","WOLVERINE TRADING, LLC"
IFRX,"INFLARX NVCOM","CITADEL SECURITIES LLC"
IGIC,"INTL GNRL INSURANCE HLDNGS LSHS","SUSQUEHANNA SECURITIES, LLC"
IGM,"iShares Expanded Tech Sector ETF","CITADEL SECURITIES LLC"
IGV,"iShares Expanded Tech-Software Sector ETF","CITADEL SECURITIES LLC"
IHI,"iShares U.S. Medical Devices ETF","CITADEL SECURITIES LLC"
IHRT,"IHEARTMEDIA INCCL A COM","CITADEL SECURITIES LLC"
IHS,"IHS HOLDING LIMITEDORD SHS","BELVEDERE TRADING LLC"
III,"INFORMATION SVCS GROUP INCCOM","CITADEL SECURITIES LLC"
IIIV,"I3 VERTICALS INCCOM CL A","WOLVERINE TRADING, LLC"
IIPR,"INNOVATIVE INDL PPTYS INCCOM","WOLVERINE TRADING, LLC"
IJR,"ISHARE CORE S&P SC","SUSQUEHANNA SECURITIES, LLC"
ILMN,"ILLUMINA, INC.","SUSQUEHANNA SECURITIES, LLC"
IMAB,"I MABSPONSORED ADS","CITADEL SECURITIES LLC"
IMAX,"IMAX CORP","CITADEL SECURITIES LLC"
IMCR,"IMMUNOCORE HLDGS PLCADS","BELVEDERE TRADING LLC"
IMMP,"IMMUTEP LTDSPONSORED ADS","CITADEL SECURITIES LLC"
IMMR,"IMMERSION CORP","SUSQUEHANNA SECURITIES, LLC"
IMNM,"IMMUNOME INCCOM","CITADEL SECURITIES LLC"
IMPP,"IMPERIAL PETE INCCOMMON SHARES","CITADEL SECURITIES LLC"
IMTX,"IMMATICS N.VSHS","CITADEL SECURITIES LLC"
IMUX,"Immunic, Inc.","CITADEL SECURITIES LLC"
IMVT,"Immunovant, Inc.","BELVEDERE TRADING LLC"
IMXI,"INTERNATIONAL MNY EXPRESS INCOM","CITADEL SECURITIES LLC"
INBK,"FIRST INTERNET BANCORPCOM","SUSQUEHANNA SECURITIES, LLC"
INBX,"INHIBRX INCCOM","SIMPLEX TRADING, LLC"
INCR,"INTERCURE LTDCOM NEW","CITADEL SECURITIES LLC"
INCY,"INCYTE CORPORATION","CITADEL SECURITIES LLC"
INDI,"indie  Semiconductor, Inc.","CITADEL SECURITIES LLC"
INDS,"PACER FDS TRBNCHMRK INDSTR","BELVEDERE TRADING LLC"
INDV,"INDIVIOR PLC","CITADEL SECURITIES LLC"
INFA,"INFORMATICA INCCOM CL A","SUSQUEHANNA SECURITIES, LLC"
INFU,"INFUSYSTEM HOLDINGS, INC.","CITADEL SECURITIES LLC"
INFY,"INFOSYS LTD ADS","SUSQUEHANNA SECURITIES, LLC"
ING,"ING GROUP NV ADS","WOLVERINE TRADING, LLC"
INGM,"INGRAM MICRO HLDG CORPCOM","WOLVERINE TRADING, LLC"
INMB,"INMUNE BIO INCCOM","CITADEL SECURITIES LLC"
INMD,"INMODE LTDSHS","SUSQUEHANNA SECURITIES, LLC"
INNV,"InnovAge Holding Corp.","CITADEL SECURITIES LLC"
INO,"INOVIO PHARMA CMN","CITADEL SECURITIES LLC"
INSE,"INSPIRED ENTMT INCCOM","CITADEL SECURITIES LLC"
INSG,"INSEEGO CORP. CMN","CITADEL SECURITIES LLC"
INSM,"INSMED INC","CITADEL SECURITIES LLC"
INSW,"INTERNATIONAL SEAWAYS INCCOM","CITADEL SECURITIES LLC"
INTA,"INTAPP INCCOM","CITADEL SECURITIES LLC"
INTC,"INTEL CORP","CITADEL SECURITIES LLC"
INTR,"INTER & CO INCCLASS A COM","CITADEL SECURITIES LLC"
INTT,"INTEST CORPORATION","CITADEL SECURITIES LLC"
INTU,"INTUIT INC","IMC-CHICAGO, LLC"
INTW,"GRANITESHARES ETF TR2X LONG INTC DAI","SIMPLEX TRADING, LLC"
INVA,"Innoviva, Inc.","CITADEL SECURITIES LLC"
INVE,"IDENTIV, INC.","CITADEL SECURITIES LLC"
INVH,"INVITATION HOMES INCCOM","SUSQUEHANNA SECURITIES, LLC"
INVZ,"Innoviz Technologies Ltd.","SUSQUEHANNA SECURITIES, LLC"
IONL,"GRANITESHARES ETF TR2X LONG IONQ","IMC-CHICAGO, LLC"
IONQ,"IonQ, Inc.","CITADEL SECURITIES LLC"
IONS,"IONIS PHARMACEUTICAL","CITADEL SECURITIES LLC"
IOT,"SAMSARA INCCOM CL A","SUSQUEHANNA SECURITIES, LLC"
IOVA,"IOVANCE BIOTHERAPEUT","CITADEL SECURITIES LLC"
IP,"INTL PAPER","WOLVERINE TRADING, LLC"
IPG,"INTERPUBLIC GROUP","SUSQUEHANNA SECURITIES, LLC"
IPGP,"IPG PHOTONICS CORP","CITADEL SECURITIES LLC"
IPI,"INTREPID POTASH INC","CITADEL SECURITIES LLC"
IPO,"RENAISSANCE CAP GREENWICH FDIPO ETF","CITADEL SECURITIES LLC"
IPSC,"CENTURY THERAPEUTICS INCCOM","CITADEL SECURITIES LLC"
IQ,"IQIYI INCSPONSORED ADS","CITADEL SECURITIES LLC"
IQM,"FRANKLIN INTELLIGENT MACHINES ETF","BELVEDERE TRADING LLC"
IQV,"IQVIA Holdings, Inc.","CITADEL SECURITIES LLC"
IRBT,"IROBOT CORPCOM","SUSQUEHANNA SECURITIES, LLC"
IRD,"Opus Genetics, Inc","SUSQUEHANNA SECURITIES, LLC"
IRDM,"IRIDIUM COMM INC","WOLVERINE TRADING, LLC"
IREN,"IRIS ENERGY LTDORDINARY SHARES","WOLVERINE TRADING, LLC"
IRIX,"IRIDEX CORPCOM","WOLVERINE TRADING, LLC"
IRM,"IRON MOUNTAIN (DEL)","WOLVERINE TRADING, LLC"
IRMD,"IRADIMED CORPCOM","BELVEDERE TRADING LLC"
IRON,"Disc Medicine, Inc.","BELVEDERE TRADING LLC"
IRS,"IRSA INVERSIONES Y REP S AGLOBL DEP RCPT","SIMPLEX TRADING, LLC"
IRTC,"IRHYTHM TECHNOLOGIES INCCOM","CITADEL SECURITIES LLC"
IRWD,"IRONWOOD PHARMACEUTI","CITADEL SECURITIES LLC"
ISPR,"ISPIRE TECHNOLOGY INCCOM","BELVEDERE TRADING LLC"
ISRG,"INTUITIVE SURG, INC.","CITADEL SECURITIES LLC"
ISSC,"INNOVATIVE SOLUTIONS & SUPPO","CITADEL SECURITIES LLC"
ITB,"ISHARES  US HCIF","CITADEL SECURITIES LLC"
ITP,"IT Tech Packaging, Inc.","BELVEDERE TRADING LLC"
ITRN,"ITURAN LOCATION AND CONTROLSHS","CITADEL SECURITIES LLC"
ITUB,"ITAU UNIBANCO ADS","SUSQUEHANNA SECURITIES, LLC"
ITW,"ILL TOOL WORKS INC","CITADEL SECURITIES LLC"
IUSG,"iShares Core S&P U.S. Growth ETF","CITADEL SECURITIES LLC"
IVES,"WEDBUSH SER TRDAN IVES WEDBUSH","CITADEL SECURITIES LLC"
IVR,"INVESCO MORTGAGE INC","CITADEL SECURITIES LLC"
IVT,"INVENTRUST PPTYS CORPCOM NEW","CITADEL SECURITIES LLC"
IVVD,"Invivyd, Inc","SUSQUEHANNA SECURITIES, LLC"
IVZ,"INVESCO LTD","CITADEL SECURITIES LLC"
IWC,"iShares Microcap ETF","SUSQUEHANNA SECURITIES, LLC"
IWM,"ISHARE RUS 2000 ETF","WOLVERINE TRADING, LLC"
IWMI,"NEOS ETF TRUSTRUSSELL 2000 HIG","BELVEDERE TRADING LLC"
IWN,"ISHARE RUS 2000 VALU","CITADEL SECURITIES LLC"
IWO,"ISHARES RUSSELL 2000","SUSQUEHANNA SECURITIES, LLC"
IYJ,"iShares U.S. Industrials ETF","CITADEL SECURITIES LLC"
IYR,"ISHARES US REAL ESTATE ETF","WOLVERINE TRADING, LLC"
IYT,"ISHARES TRANS AVG","CITADEL SECURITIES LLC"
IZEA,"IZEA WORLDWIDE INCCOM","CITADEL SECURITIES LLC"
J,"Jacobs Solutions Inc","CITADEL SECURITIES LLC"
JAAA,"JANUS DETROIT STR TRHENDRSON AAA CL","BELVEDERE TRADING LLC"
JACK,"JACK IN THE BOX INC","CITADEL SECURITIES LLC"
JAKK,"JAKKS PAC INCCOM NEW","CITADEL SECURITIES LLC"
JANX,"JANUX THERAPEUTICS INCCOM","BELVEDERE TRADING LLC"
JAVA,"J P MORGAN EXCHANGE TRADED FACTIVE VALUE ETF","CITADEL SECURITIES LLC"
JAZZ,"JAZZ PHARMA PLC","SUSQUEHANNA SECURITIES, LLC"
JBHT,"J B HUNT TRANSPORT","WOLVERINE TRADING, LLC"
JBI,"Janus  International Group, Inc","CITADEL SECURITIES LLC"
JBIO,"Jade Biosciences, Inc.","SIMPLEX TRADING, LLC"
JBL,"JABIL INC.","SUSQUEHANNA SECURITIES, LLC"
JBLU,"JETBLUE AIRWAYS CP","WOLVERINE TRADING, LLC"
JBS,"JBS N.V.CL A SHS","CITADEL SECURITIES LLC"
JBSS,"John B Sanfilippo Son, Inc.","CITADEL SECURITIES LLC"
JCI,"JOHNSON CONTROLS INT","CITADEL SECURITIES LLC"
JD,"JD.COM, INC. ADS","CITADEL SECURITIES LLC"
JEF,"Jefferies Financial Group","SUSQUEHANNA SECURITIES, LLC"
JEPI,"J P MORGAN EXCHANGE-TRADED FEQUITY PREMIUM","SUSQUEHANNA SECURITIES, LLC"
JEPQ,"J P MORGAN EXCHANGE TRADED FNASDAQ EQT PREM","CITADEL SECURITIES LLC"
JETS,"ETF SER SOLUTIONSUS GLB JETS","CITADEL SECURITIES LLC"
JFIN,"JIAYIN GROUP INCSPONSORED ADS","CITADEL SECURITIES LLC"
JHG,"Janus Henderson Group,plc.","BELVEDERE TRADING LLC"
JHX,"JAMES HARDIE INDUSTRIES PLC SPONSORED ADR","SIMPLEX TRADING, LLC"
JJSF,"J & J SNACK FOODS CORPCOM","WOLVERINE TRADING, LLC"
JKS,"JINKOSOLAR HOLDING C","SUSQUEHANNA SECURITIES, LLC"
JMIA,"JUMIA TECHNOLOGIES AGSPONSORED ADS","IMC-CHICAGO, LLC"
JMSB,"JOHN MARSHALL BANCORP INCCOM","SIMPLEX TRADING, LLC"
JNJ,"JOHNSON AND JOHNS DC","IMC-CHICAGO, LLC"
JNK,"SPDR Bloomberg High Yield Bond ETF","CITADEL SECURITIES LLC"
JNUG,"Direxion Daily Junior Gold Miners Index Bull 2X","CITADEL SECURITIES LLC"
JOBY,"Joby Aviation, Inc.","SUSQUEHANNA SECURITIES, LLC"
JOE,"ST JOE CO (THE)","WOLVERINE TRADING, LLC"
JOYY,"JOYY INC","CITADEL SECURITIES LLC"
JPM,"JP MORGAN CHASE CO","CITADEL SECURITIES LLC"
JRVR,"JAMES RIV GROUP LTDCOM","CITADEL SECURITIES LLC"
JSPR,"Jasper Therapeutics, Inc.","BELVEDERE TRADING LLC"
JXN,"JACKSON FINANCIAL INCCOM CL A","CITADEL SECURITIES LLC"
JYNT,"JOINT CORPCOM","CITADEL SECURITIES LLC"
K,"Kellanova","JANE STREET OPTIONS, LLC"
KALV,"KALVISTA PHARMACEUTICALS INCCOM","CITADEL SECURITIES LLC"
KAR,"KAR AUCTION SERVICES","CITADEL SECURITIES LLC"
KBE,"SPDR S&P BANK ETF","WOLVERINE TRADING, LLC"
KBH,"KB HOME","WOLVERINE TRADING, LLC"
KBR,"KBR INC","WOLVERINE TRADING, LLC"
KC,"KINGSOFT CLOUD HLDGS LTDADS","SUSQUEHANNA SECURITIES, LLC"
KCCA,"KraneShares Cali Carbon Allowance Strategy ETF","BELVEDERE TRADING LLC"
KD,"KYNDRYL HLDGS INCCOMMON STOCK","CITADEL SECURITIES LLC"
KDP,"Keurig Dr Pepper Inc.","CITADEL SECURITIES LLC"
KEN,"KENON HLDGS LTDSHS","SIMPLEX TRADING, LLC"
KEX,"KIRBY CORPORATION","SUSQUEHANNA SECURITIES, LLC"
KEY,"KEYCORP","SUSQUEHANNA SECURITIES, LLC"
KFS,"KINGSWAY FINANCIAL SERVICES INC","BELVEDERE TRADING LLC"
KGC,"KINROSS GOLD CP","WOLVERINE TRADING, LLC"
KGRN,"KRANESHARES TRMSCI CHINA CLEAN","SIMPLEX TRADING, LLC"
KGS,"KODIAK GAS SVCS INCCOM","WOLVERINE TRADING, LLC"
KHC,"KRAFT HEINZ CO CMN","CITADEL SECURITIES LLC"
KIM,"KIMCO REALTY CP","CITADEL SECURITIES LLC"
KINS,"KINGSTONE COS INCCOM","BELVEDERE TRADING LLC"
KKR,"KKR & CO. INC.","SUSQUEHANNA SECURITIES, LLC"
KLAC,"K L A-TENCOR CORP","CITADEL SECURITIES LLC"
KLG,"WK KELLOGG COCOM SHS","SIMPLEX TRADING, LLC"
KLIC,"KULICKE AND SOFFA","WOLVERINE TRADING, LLC"
KLTR,"KALTURA INCCOM STK","BELVEDERE TRADING LLC"
KLXE,"KLX ENERGY SERVICS HOLDNGS INC","WOLVERINE TRADING, LLC"
KMB,"KIMBERLY CLARK CP","CITADEL SECURITIES LLC"
KMDA,"KAMADA LTDSHS","CITADEL SECURITIES LLC"
KMI,"KINDER MORGAN, INC","WOLVERINE TRADING, LLC"
KMX,"CARMAX INC","IMC-CHICAGO, LLC"
KN,"KNOWLES CORP.","SUSQUEHANNA SECURITIES, LLC"
KNDI,"KANDI TECHS GRP CMN","WOLVERINE TRADING, LLC"
KNF,"KNIFE RIV HLDG COCOMMON STOCK","SIMPLEX TRADING, LLC"
KNTK,"KINETIK HOLDINGS INCCOM NEW CL A","CITADEL SECURITIES LLC"
KNX,"KNIGHT-SWIFT TRANSPO","CITADEL SECURITIES LLC"
KO,"COCA COLA CO THE","CITADEL SECURITIES LLC"
KOD,"KODIAK SCIENCES INCCOM","CITADEL SECURITIES LLC"
KODK,"EASTMAN KODAK","SUSQUEHANNA SECURITIES, LLC"
KOLD,"ProShares UltraShort Bloomberg Natural Gas","IMC-CHICAGO, LLC"
KOPN,"KOPIN CORPCOM","CITADEL SECURITIES LLC"
KOS,"KOSMOS ENERGY LTD.","SUSQUEHANNA SECURITIES, LLC"
KPTI,"KARYOPHARM THERAPEUT","CITADEL SECURITIES LLC"
KR,"KROGER CO","IMC-CHICAGO, LLC"
KRBN,"KraneShares Global Carbon Strategy ETF","BELVEDERE TRADING LLC"
KRE,"SPDR S&P REGIONAL BA","WOLVERINE TRADING, LLC"
KREF,"KKR REAL ESTATE FIN TR INCCOM","WOLVERINE TRADING, LLC"
KRMN,"KARMAN HLDGS INCCOMMON STOCK","WOLVERINE TRADING, LLC"
KROS,"KEROS THERAPEUTICS INCCOM","SIMPLEX TRADING, LLC"
KRP,"KIMBELL RTY PARTNERS LPUNIT","CITADEL SECURITIES LLC"
KRYS,"KRYSTAL BIOTECH INCCOM","CITADEL SECURITIES LLC"
KSPI,"KASPI KZ JSCSPONSORED ADS","CITADEL SECURITIES LLC"
KSS,"KOHLS CP","WOLVERINE TRADING, LLC"
KTB,"KONTOOR BRANDS INCCOM","CITADEL SECURITIES LLC"
KTOS,"KRATOS DEFNS","CITADEL SECURITIES LLC"
KULR,"KULR TECHNOLOGY GROUP INCCOM","IMC-CHICAGO, LLC"
KVUE,"KENVUE INCCOM","CITADEL SECURITIES LLC"
KVYO,"KLAVIYO INCCOM SER A","IMC-CHICAGO, LLC"
KWEB,"KRANESHS CSI CHN ETF","IMC-CHICAGO, LLC"
KYIV,"Kyivstar Group Ltd.","JANE STREET OPTIONS, LLC"
KYMR,"KYMERA THERAPEUTICS INCCOM","CITADEL SECURITIES LLC"
LAB,"Standard BioTools Inc","SUSQUEHANNA SECURITIES, LLC"
LABU,"DIREXION DAILY S&P B","CITADEL SECURITIES LLC"
LAC,"LITHIUM AMERS CORP NEWCOM NEW","CITADEL SECURITIES LLC"
LAD,"LITHIA MOTORS INC","SUSQUEHANNA SECURITIES, LLC"
LAES,"SEALSQ CORPORD SHS","CITADEL SECURITIES LLC"
LAMR,"LAMAR ADVERTIS A","CITADEL SECURITIES LLC"
LAND,"GLADSTONE LD CORPCOM","CITADEL SECURITIES LLC"
LAR,"Lithium Argentina AG","CITADEL SECURITIES LLC"
LASE,"LASER PHOTONICS CORPCOM","WOLVERINE TRADING, LLC"
LAUR,"LAUREATE EDUCATION INCCL A","CITADEL SECURITIES LLC"
LAW,"CS DISCO INCCOM","CITADEL SECURITIES LLC"
LAZ,"LAZARD LTD.","WOLVERINE TRADING, LLC"
LAZR,"Luminar Technologies, Inc","SUSQUEHANNA SECURITIES, LLC"
LBRT,"Liberty Energy Inc.","WOLVERINE TRADING, LLC"
LBTYA,"LIBERTY GLOBAL ORD A","CITADEL SECURITIES LLC"
LBTYK,"LIBERTY GLOBAL ORD C","CITADEL SECURITIES LLC"
LC,"LENDINGCLUB CORP","CITADEL SECURITIES LLC"
LCID,"Lucid Group, Inc.","IMC-CHICAGO, LLC"
LCTX,"LINEAGE CELL THERAPEUTICS, INC.","SUSQUEHANNA SECURITIES, LLC"
LCUT,"LIFETIME BRANDS INCCOM","SIMPLEX TRADING, LLC"
LDI,"LOANDEPOT INCCOM CL A","WOLVERINE TRADING, LLC"
LDOS,"LEIDOS HLDGS, INC.","CITADEL SECURITIES LLC"
LEA,"LEAR CORPORATION","WOLVERINE TRADING, LLC"
LEG,"LEGGETT PLATT INC","WOLVERINE TRADING, LLC"
LEGH,"LEGACY HOUSING CORPCOM","SUSQUEHANNA SECURITIES, LLC"
LEGN,"LEGEND BIOTECH CORPSPONSORED ADS","CITADEL SECURITIES LLC"
LEN,"LENNAR CP CL A","CITADEL SECURITIES LLC"
LENZ,"LENZ Therapeutics, Inc.","SIMPLEX TRADING, LLC"
LESL,"LESLIES INCCOM","CITADEL SECURITIES LLC"
LEU,"CENTRUS ENERGY CORP.","CITADEL SECURITIES LLC"
LEVI,"LEVI STRAUSS & CO","WOLVERINE TRADING, LLC"
LFGY,"TIDAL TR IIYIELDMAX CRYPTO","SIMPLEX TRADING, LLC"
LFMD,"LifeMD, Inc.","CITADEL SECURITIES LLC"
LFST,"LIFESTANCE HEALTH GROUP INCCOM","CITADEL SECURITIES LLC"
LFVN,"LIFEVANTAGE CORPCOM NEW","WOLVERINE TRADING, LLC"
LFWD,"REWALK ROBOTICS LTDSHS","WOLVERINE TRADING, LLC"
LGND,"LIGAND PHARM CMN","CITADEL SECURITIES LLC"
LGO,"LARGO RES LTDCOM","WOLVERINE TRADING, LLC"
LH,"LABORATORY CORP NEW","CITADEL SECURITIES LLC"
LHX,"L3HARRIS TECHNOLOGIES, INC.","SUSQUEHANNA SECURITIES, LLC"
LI,"LI AUTO INCSPONSORED ADS","IMC-CHICAGO, LLC"
LIF,"LIFE360 INCCOM","CITADEL SECURITIES LLC"
LILA,"LIBERTY LILAC CL A","CITADEL SECURITIES LLC"
LIN,"Linde plc","CITADEL SECURITIES LLC"
LINC,"LINCOLN EDL SVCS CORPCOM","WOLVERINE TRADING, LLC"
LINE,"LINEAGE INCCOM","IMC-CHICAGO, LLC"
LITE,"LUMENTUM HLD CM","CITADEL SECURITIES LLC"
LKFN,"LAKELAND FINL CORPCOM","SIMPLEX TRADING, LLC"
LKQ,"LKQ CORP","CITADEL SECURITIES LLC"
LLY,"LILLY ELI CO","CITADEL SECURITIES LLC"
LLYVA,"Liberty Live Series A","CITADEL SECURITIES LLC"
LLYVK,"Libery Live Series C","WOLVERINE TRADING, LLC"
LLYX,"TIDAL TR IIDEFIANCE DAILY","IMC-CHICAGO, LLC"
LMAT,"LeMaitre Vascular Inc.","SUSQUEHANNA SECURITIES, LLC"
LMB,"LIMBACH HOLDINGS, INC.","CITADEL SECURITIES LLC"
LMBO,"DIREXION SHS ETF TRDAILY CRYPTO INU","IMC-CHICAGO, LLC"
LMND,"LEMONADE INCCOM","CITADEL SECURITIES LLC"
LMT,"LOCKHEED MARTIN CP","WOLVERINE TRADING, LLC"
LNC,"LINCOLN NATL CP","SUSQUEHANNA SECURITIES, LLC"
LNG,"CHENIERE ENERGY INC","CITADEL SECURITIES LLC"
LNSR,"LENSAR INCCOM","CITADEL SECURITIES LLC"
LNW,"Light & Wonder, Inc.","CITADEL SECURITIES LLC"
LOAN,"MANHATTAN BRDG CAP INCCOM","BELVEDERE TRADING LLC"
LOAR,"LOAR HOLDINGS INCCOM SHS","BELVEDERE TRADING LLC"
LOB,"LIVE OAK BANCSHARES INCCOM","CITADEL SECURITIES LLC"
LOCO,"EL POLLO LOCO CMN","CITADEL SECURITIES LLC"
LOGI,"LOGITECH INT SA","WOLVERINE TRADING, LLC"
LOMA,"LOMA NEGRA CORPSPONSORED ADS","SIMPLEX TRADING, LLC"
LOOP,"LOOP INDS INCCOM","CITADEL SECURITIES LLC"
LOVE,"LOVESAC COMPANY","WOLVERINE TRADING, LLC"
LOW,"LOWES COMPANIES","IMC-CHICAGO, LLC"
LPRO,"OPEN LENDING CORPCOM CL A","CITADEL SECURITIES LLC"
LPTX,"LEAP THERAPEUTICS INCCOM","CITADEL SECURITIES LLC"
LPX,"LOUISIANA PACIFIC CP","CITADEL SECURITIES LLC"
LQD,"ISHARES","CITADEL SECURITIES LLC"
LQDA,"Liquidia Corporation","CITADEL SECURITIES LLC"
LQDT,"LIQUIDITY SERVICES","CITADEL SECURITIES LLC"
LRCX,"LAM RESEARCH CORP","IMC-CHICAGO, LLC"
LRMR,"Larimar Therapeutics, Inc.","SUSQUEHANNA SECURITIES, LLC"
LSAK,"LESAKA TECHNOLOGIES, INC","CITADEL SECURITIES LLC"
LSCC,"LATTICE SEMICONDUCTOR CORP","CITADEL SECURITIES LLC"
LSPD,"LIGHTSPEED Commerce Inc.","SUSQUEHANNA SECURITIES, LLC"
LTBR,"LIGHTBRIDGE CORPCOM","WOLVERINE TRADING, LLC"
LTH,"LIFE TIME GROUP HOLDINGS INCCOMMON STOCK","CITADEL SECURITIES LLC"
LTL,"PROSHARES TRPSHS UL TELE ETF","BELVEDERE TRADING LLC"
LTPZ,"PIMCO ETF TR15+ YR US TIPS INDEX FUND","WOLVERINE TRADING, LLC"
LTRN,"LANTERN PHARMA INCCOM","SUSQUEHANNA SECURITIES, LLC"
LTRX,"LANTRONIX INCCOM NEW","CITADEL SECURITIES LLC"
LU,"LUFAX HOLDING LTDADS REP SHS CL A","CITADEL SECURITIES LLC"
LUCK,"Lucky Strike Entertainment Corporation","SIMPLEX TRADING, LLC"
LULU,"LULULEMON ATHLETICA","CITADEL SECURITIES LLC"
LUMN,"CENTURYLINK, INC","CITADEL SECURITIES LLC"
LUNG,"Pulmonx Corporation","CITADEL SECURITIES LLC"
LUNR,"Intuitive Machines, Inc.","IMC-CHICAGO, LLC"
LUV,"SOUTHWEST AIRLINES","IMC-CHICAGO, LLC"
LUXE,"LuxExperience B.V.","SUSQUEHANNA SECURITIES, LLC"
LVO,"LiveOne, Inc.","CITADEL SECURITIES LLC"
LVS,"LAS VEGAS SANDS CORP","WOLVERINE TRADING, LLC"
LVTX,"LAVA THERAPEUTICS NVSHS","CITADEL SECURITIES LLC"
LVWR,"LiveWire Group, Inc","CITADEL SECURITIES LLC"
LW,"LAMB WESTON HLD","WOLVERINE TRADING, LLC"
LWLG,"LIGHTWAVE LOGIC INCCOM","CITADEL SECURITIES LLC"
LX,"LEXINFINTECH HLDGS LTDADR","SUSQUEHANNA SECURITIES, LLC"
LXEO,"LEXEO THERAPEUTICS INCCOM","CITADEL SECURITIES LLC"
LYB,"LYONDELLBASELL INDUSTRIES NSHS NV","WOLVERINE TRADING, LLC"
LYEL,"LYELL IMMUNOPHARMA INCCOM","SUSQUEHANNA SECURITIES, LLC"
LYFT,"Lyft Inc.","WOLVERINE TRADING, LLC"
LYG,"LLOYDS BNKG GP ADS","WOLVERINE TRADING, LLC"
LYV,"LIVE NATION ENTMNT","WOLVERINE TRADING, LLC"
LZ,"LEGALZOOM COM INCCOM","CITADEL SECURITIES LLC"
LZB,"LA Z BOY INC","WOLVERINE TRADING, LLC"
M,"MACY'S INC","IMC-CHICAGO, LLC"
MA,"MASTERCARD INC","WOLVERINE TRADING, LLC"
MAC,"MACERICH CO","WOLVERINE TRADING, LLC"
MAGS,"LISTED FD TRROUNDHILL BIG TE","SIMPLEX TRADING, LLC"
MAGX,"ROUNDHILL ETF TRUSTDAILY 2X LONG MA","BELVEDERE TRADING LLC"
MAKX,"PROSHARES TRS&P KENSHO SMRT","SIMPLEX TRADING, LLC"
MAMA,"MAMAS CREATIONS INCCOM","CITADEL SECURITIES LLC"
MAN,"MANPOWERGROUP","SUSQUEHANNA SECURITIES, LLC"
MANH,"MANHATTAN ASSOC","CITADEL SECURITIES LLC"
MANU,"MANCHESTER UTD PLC  CL A","SUSQUEHANNA SECURITIES, LLC"
MAPS,"WM Technology, Inc. Class A","CITADEL SECURITIES LLC"
MAR,"MARRIOT INT CL A CMN","SUSQUEHANNA SECURITIES, LLC"
MARA,"MARATHON PATENT GROUP INCCOM NEW","CITADEL SECURITIES LLC"
MAS,"MASCO CP","SUSQUEHANNA SECURITIES, LLC"
MASS,"908 DEVICES INCCOM","CITADEL SECURITIES LLC"
MAT,"MATTEL INC","WOLVERINE TRADING, LLC"
MAX,"MEDIAALPHA INCCL A","CITADEL SECURITIES LLC"
MBC,"MASTERBRAND INCCOMMON STOCK","CITADEL SECURITIES LLC"
MBI,"M B I A INC","WOLVERINE TRADING, LLC"
MBIN,"MERCHANTS BANCORP INDCOM","CITADEL SECURITIES LLC"
MBLY,"Mobileye Global Inc","WOLVERINE TRADING, LLC"
MBOT,"MICROBOT MED INCCOM NEW","SUSQUEHANNA SECURITIES, LLC"
MBWM,"MERCANTILE BANK CORP","WOLVERINE TRADING, LLC"
MBX,"MBX BIOSCIENCES INCCOM","SIMPLEX TRADING, LLC"
MC,"MOELIS & COMPANY","WOLVERINE TRADING, LLC"
MCB,"METROPOLITAN BK HLDG CORPCOM","CITADEL SECURITIES LLC"
MCBS,"METROCITY BANKSHARES INCCOM","WOLVERINE TRADING, LLC"
MCD,"MCDONALDS CP","WOLVERINE TRADING, LLC"
MCHI,"ISHARES MSCI CHINA E","WOLVERINE TRADING, LLC"
MCHP,"MICROCHIP TECHNOLOGY","CITADEL SECURITIES LLC"
MCHX,"MARCHEX INCCL B","CITADEL SECURITIES LLC"
MCK,"MCKESSON CORP","CITADEL SECURITIES LLC"
MCO,"MOODY'S CORP","CITADEL SECURITIES LLC"
MCW,"MISTER CAR WASH INCCOM","WOLVERINE TRADING, LLC"
MDB,"MONGODB INCCL A","IMC-CHICAGO, LLC"
MDGL,"Madrigal Pharmaceuticals, Inc.","CITADEL SECURITIES LLC"
MDLZ,"MONDELEZ INTL CMN A","WOLVERINE TRADING, LLC"
MDT,"MEDTRONIC PLC","CITADEL SECURITIES LLC"
MDWD,"MEDIWOUND LTDORD SHS","SIMPLEX TRADING, LLC"
MDXG,"MIMEDX GROUP INCCOM","CITADEL SECURITIES LLC"
MDY,"SPDR S&P MIDCAP 400","SUSQUEHANNA SECURITIES, LLC"
MEC,"MAYVILLE ENGR CO INCCOM","SUSQUEHANNA SECURITIES, LLC"
MED,"MEDIFAST INC","SUSQUEHANNA SECURITIES, LLC"
MEG,"MONTROSE ENVIRONMENTAL GROUPCOM","CITADEL SECURITIES LLC"
MEI,"METHODE ELECTR","CITADEL SECURITIES LLC"
MELI,"MERCADOLIBRE, INC.","IMC-CHICAGO, LLC"
MEOH,"METHANEX CP","SUSQUEHANNA SECURITIES, LLC"
MESA,"MESA AIR GROUP INCCOM NEW","CITADEL SECURITIES LLC"
MET,"METLIFE INC","IMC-CHICAGO, LLC"
META,"Meta Platforms, Inc.","OPTIVER US LLC"
METC,"RAMACO RES INCCOM","CITADEL SECURITIES LLC"
METU,"DIREXION SHS ETF TRDAILY META BULL","IMC-CHICAGO, LLC"
METV,"LISTED FD TRROUNDHILL BALL","CITADEL SECURITIES LLC"
MEXX,"DIREXION DAILY MSCI MEXICO BULL 3X SHARES","BELVEDERE TRADING LLC"
MFA,"MFA FINANCIAL INC.","CITADEL SECURITIES LLC"
MFC,"MANULIFE FIN CORP","SUSQUEHANNA SECURITIES, LLC"
MFH,"Mercurity Fintech Holding Inc.","WOLVERINE TRADING, LLC"
MFIC,"MidCap Financial  Investment Corporation","WOLVERINE TRADING, LLC"
MFIN,"MEDALLION FIN CP","SUSQUEHANNA SECURITIES, LLC"
MGA,"MAGNA INTL INC","SUSQUEHANNA SECURITIES, LLC"
MGM,"MGM RESORTS INTL","IMC-CHICAGO, LLC"
MGNI,"MAGNITE, INC.","CITADEL SECURITIES LLC"
MGTX,"MEIRAGTX HOLDINGS PLCCOM","CITADEL SECURITIES LLC"
MHK,"MOHAWK INDS INC","CITADEL SECURITIES LLC"
MIAX,"MIAMI INTL HLDGS INCCOM","CITADEL SECURITIES LLC"
MIR,"Mirion Technologies, Inc.","WOLVERINE TRADING, LLC"
MIRM,"MIRUM PHARMACEUTICALS INCCOM","CITADEL SECURITIES LLC"
MITK,"MITEK SYS INCCOM NEW","CITADEL SECURITIES LLC"
MKC,"MCCORMICK & CO","CITADEL SECURITIES LLC"
MLCO,"MELCO RESORTS & ENT","CITADEL SECURITIES LLC"
MLM,"MARTIN MARIETTA MTRL","WOLVERINE TRADING, LLC"
MLNK,"MERIDIANLINK INCCOMMON STOCK","CITADEL SECURITIES LLC"
MLPX,"GLOBAL X FDSGLB X MLP ENRG I","WOLVERINE TRADING, LLC"
MLSS,"MILESTONE SCIENTIFIC INCCOM NEW","CITADEL SECURITIES LLC"
MLYS,"MINERALYS THERAPEUTICS INCCOM","SIMPLEX TRADING, LLC"
MMC,"MARSH MCLENNAN CO","WOLVERINE TRADING, LLC"
MMLP,"MARTIN MIDSTRM LP","CITADEL SECURITIES LLC"
MMM,"3M COMPANY","IMC-CHICAGO, LLC"
MNDO,"MIND C T I LTD","CITADEL SECURITIES LLC"
MNDY,"MONDAY COM LTDSHS","CITADEL SECURITIES LLC"
MNKD,"MANNKIND CORPORATION","CITADEL SECURITIES LLC"
MNMD,"MIND MEDICINE MINDMED INCCOM SUB VTG","WOLVERINE TRADING, LLC"
MNSO,"MINISO GROUP HLDG LTDSPONSORED ADS","IMC-CHICAGO, LLC"
MNST,"MONSTER BEVERAGE CP","CITADEL SECURITIES LLC"
MNTK,"MONTAUK RENEWABLES INCCOM","SUSQUEHANNA SECURITIES, LLC"
MNTN,"MNTN INCCL A","CITADEL SECURITIES LLC"
MNY,"MoneyHero Limited","SUSQUEHANNA SECURITIES, LLC"
MO,"ALTRIA GROUP INC","CITADEL SECURITIES LLC"
MODG,"CALLAWAY GOLF CO","CITADEL SECURITIES LLC"
MOFG,"MIDWESTONE FINL GROUP INC NECOM","SUSQUEHANNA SECURITIES, LLC"
MOGO,"Mogo Inc.","SUSQUEHANNA SECURITIES, LLC"
MOH,"MOLINA HEALTHCARE","SUSQUEHANNA SECURITIES, LLC"
MOMO,"MOMO INC. ADS","CITADEL SECURITIES LLC"
MOS,"MOSAIC COMPANY NEW","CITADEL SECURITIES LLC"
MP,"MP Materials Corporation Class A","WOLVERINE TRADING, LLC"
MPB,"MID PENN BANCORP INCCOM","SUSQUEHANNA SECURITIES, LLC"
MPC,"MARATHON PETE CORPCOM","WOLVERINE TRADING, LLC"
MPLX,"MPLX LP","CITADEL SECURITIES LLC"
MPW,"MEDICL PROP TRST, IN","CITADEL SECURITIES LLC"
MPWR,"MONOLITHIC POWER SYS","CITADEL SECURITIES LLC"
MQ,"MARQETA INCCLASS A COM","CITADEL SECURITIES LLC"
MRAM,"EVERSPIN TECHNOLOGIES INCCOM","CITADEL SECURITIES LLC"
MRC,"MRC GLOBAL INC.","SUSQUEHANNA SECURITIES, LLC"
MRCC,"MONROE CAP CORPCOM","SIMPLEX TRADING, LLC"
MREO,"MEREO BIOPHARMA GROUP PLCADS","BELVEDERE TRADING LLC"
MRK,"MERCK CO INC","CITADEL SECURITIES LLC"
MRNA,"MODERNA INCCOM","IMC-CHICAGO, LLC"
MRP,"Millrose Properties, Inc.","WOLVERINE TRADING, LLC"
MRUS,"MERUS N VCOM","CITADEL SECURITIES LLC"
MRVI,"MARAVAI LIFESCIENCES HLDGS ICOM CL A","SUSQUEHANNA SECURITIES, LLC"
MRVL,"MARVELL TECH GROUP","WOLVERINE TRADING, LLC"
MRX,"MAREX GROUP PLCORD","CITADEL SECURITIES LLC"
MS,"MORGAN STANLEY","WOLVERINE TRADING, LLC"
MSB,"MESABI TRUST CTF BI","CITADEL SECURITIES LLC"
MSBI,"MIDLAND STATES BANCORP INCCOM","CITADEL SECURITIES LLC"
MSDL,"MORGAN STANLEY DIRECT LENDINCOM SHS","SUSQUEHANNA SECURITIES, LLC"
MSFO,"TIDAL ETF TR IIYIELDMAX MSFT OP","SUSQUEHANNA SECURITIES, LLC"
MSFT,"MICROSOFT CORP","OPTIVER US LLC"
MSGE,"Madison Square Garden Entertainment Corporation","SUSQUEHANNA SECURITIES, LLC"
MSI,"MOTOROLA SOLUTIONS","CITADEL SECURITIES LLC"
MSOS,"ADVISORSHARES TRPURE US CANNABIS","WOLVERINE TRADING, LLC"
MSOX,"ADVISORSHARES TRMSOS 2X DAILY ET","SUSQUEHANNA SECURITIES, LLC"
MSTR,"MICROSTRATEGY INCCL A NEW","IMC-CHICAGO, LLC"
MSTU,"ETF OPPORTUNITIES TRUSTT REX 2X LONG MS","CITADEL SECURITIES LLC"
MSTX,"Tidal Trust II Defiance Daily Target 2x Long MST","IMC-CHICAGO, LLC"
MSTY,"TIDAL TR IIYIELDMAX MSTR OP","CITADEL SECURITIES LLC"
MSTZ,"ETF OPPORTUNITIES TRUSTT REX 2X INVERSE","IMC-CHICAGO, LLC"
MT,"ARCELOR MITTAL NEW","WOLVERINE TRADING, LLC"
MTA,"METALLA RTY & STREAMING LTDCOM NEW","WOLVERINE TRADING, LLC"
MTB,"M&T BANK CORP","SUSQUEHANNA SECURITIES, LLC"
MTBA,"SIMPLIFY EXCHANGE TRADED FUNMBS ETF","BELVEDERE TRADING LLC"
MTCH,"MATCH GROUP, INC (New IAC)","CITADEL SECURITIES LLC"
MTDR,"MATADOR RESOURCES CO","SUSQUEHANNA SECURITIES, LLC"
MTG,"M G I C INVEST CP","CITADEL SECURITIES LLC"
MTH,"MERITAGE HOMES CORP","CITADEL SECURITIES LLC"
MTN,"VAIL RESORTS INC","SUSQUEHANNA SECURITIES, LLC"
MTSR,"METSERA INCCOM","SIMPLEX TRADING, LLC"
MTUM,"iShares MSCI USA Momentum Factor ETF","CITADEL SECURITIES LLC"
MTW,"MANITOWOC CO INC","SUSQUEHANNA SECURITIES, LLC"
MTZ,"MASTEC INC.","CITADEL SECURITIES LLC"
MU,"MICRON TECHNOLOGY","CITADEL SECURITIES LLC"
MUB,"ISHARES NATIONAL MUN","WOLVERINE TRADING, LLC"
MUR,"MURPHY OIL CP HLDG","WOLVERINE TRADING, LLC"
MURA,"MURAL ONCOLOGY PUB LTD COORD SHS","CITADEL SECURITIES LLC"
MUX,"MCEWEN MINING INC.","CITADEL SECURITIES LLC"
MVBF,"MVB Financial Corp","WOLVERINE TRADING, LLC"
MVIS,"MICROVISION","CITADEL SECURITIES LLC"
MVST,"Microvast  Holdings, Inc.","CITADEL SECURITIES LLC"
MX,"MAGNACHIP SEMICONDUC","SUSQUEHANNA SECURITIES, LLC"
MXCT,"MAXCYTE INCCOM","CITADEL SECURITIES LLC"
MXL,"MAXLINEAR, INC","CITADEL SECURITIES LLC"
MYGN,"MYRIAD GENETICS, INC","CITADEL SECURITIES LLC"
MYO,"MYOMO INCCOM NEW","BELVEDERE TRADING LLC"
MYPS,"PLAYSTUDIOS, Inc.","CITADEL SECURITIES LLC"
NA,"NANO LABS LTDSHS NEW","JANE STREET OPTIONS, LLC"
NABL,"N-ABLE INCCOMMON STOCK","CITADEL SECURITIES LLC"
NAGE,"Niagen Bioscience, Inc.","CITADEL SECURITIES LLC"
NAK,"NORTHERN DYNASTY MNL","CITADEL SECURITIES LLC"
NAMS,"NEWAMSTERDAM PHARMA COMPANYORDINARY SHARES","BELVEDERE TRADING LLC"
NAN,"NUVEEN NEW YORK QUALITY MUNICIPAL INCOME FUND","BELVEDERE TRADING LLC"
NAT,"NORDIC AMRN TANKERS","CITADEL SECURITIES LLC"
NATL,"NCR Atleos Corporation","WOLVERINE TRADING, LLC"
NATR,"NATURES SUNSHINE PRODS INCCOM","CITADEL SECURITIES LLC"
NAUT,"Nautilus Biotechnolgy, Inc.","SUSQUEHANNA SECURITIES, LLC"
NAVI,"NAVIENT CP CMN","CITADEL SECURITIES LLC"
NB,"NIOCORP DEVS LTDCOM NEW","SUSQUEHANNA SECURITIES, LLC"
NBBK,"NB BANCORP INCCOM","BELVEDERE TRADING LLC"
NBIS,"NEBIUS GROUP N.V.SHS CLASS A","IMC-CHICAGO, LLC"
NBIX,"NEUROCRINE BIOSCIENC","CITADEL SECURITIES LLC"
NBR,"NABORS INDS INC","CITADEL SECURITIES LLC"
NCLH,"NORWEGIAN CRUISE ORD","CITADEL SECURITIES LLC"
NCMI,"NATIONAL CINEMEDIA","SUSQUEHANNA SECURITIES, LLC"
NCNO,"NCINO INCCOM","WOLVERINE TRADING, LLC"
NDAQ,"NASDAQ, INC. CMN STK","CITADEL SECURITIES LLC"
NDLS,"NOODLES & CO CLA CMN","CITADEL SECURITIES LLC"
NE,"Noble Corporation plc","CITADEL SECURITIES LLC"
NECB,"NORTHEAST CMNTY BANCORP INCCOM","WOLVERINE TRADING, LLC"
NEE,"NEXTERA ENERGY, INC.","SUSQUEHANNA SECURITIES, LLC"
NEM,"NEWMONT CORPORATION","WOLVERINE TRADING, LLC"
NEOG,"NEOGEN CORP","CITADEL SECURITIES LLC"
NEON,"NEONODE INCCOM PAR","CITADEL SECURITIES LLC"
NET,"Cloudflare, Inc.","CITADEL SECURITIES LLC"
NEWT,"NewtekOne, Inc.","BELVEDERE TRADING LLC"
NEXA,"NEXA RES S ACOM","SUSQUEHANNA SECURITIES, LLC"
NFE,"New Fortress Energy Inc.","SUSQUEHANNA SECURITIES, LLC"
NFG,"NATL FUEL GAS CO","CITADEL SECURITIES LLC"
NFGC,"NEW FOUND GOLD CORPCOM","BELVEDERE TRADING LLC"
NFLX,"NETFLIX, INC.","WOLVERINE TRADING, LLC"
NG,"NOVAGOLD RESOURCES I","WOLVERINE TRADING, LLC"
NGD,"NEW GOLD INC","CITADEL SECURITIES LLC"
NGG,"NATIONAL GRID PLC","SUSQUEHANNA SECURITIES, LLC"
NGL,"NGL ENERGY PARTNERS","CITADEL SECURITIES LLC"
NGNE,"Neurogene Inc.","SIMPLEX TRADING, LLC"
NHTC,"NATURAL HLTH TRD CM","CITADEL SECURITIES LLC"
NI,"NISOURCE INC HLDG CO","WOLVERINE TRADING, LLC"
NIC,"NICOLET BANKSHARES INCCOM","CITADEL SECURITIES LLC"
NINE,"NINE ENERGY SVC INCCOM","CITADEL SECURITIES LLC"
NIO,"NIO INC","IMC-CHICAGO, LLC"
NIU,"NIU TECHNOLOGIESADS","CITADEL SECURITIES LLC"
NKE,"NIKE INC CL B","WOLVERINE TRADING, LLC"
NKTR,"NEKTAR THERAPEUTICS","CITADEL SECURITIES LLC"
NKTX,"NKARTA INCCOM","CITADEL SECURITIES LLC"
NLOP,"Net Lease Office Properties","BELVEDERE TRADING LLC"
NLY,"ANNALY CAPITAL MANAG","WOLVERINE TRADING, LLC"
NMAX,"NEWSMAX INCCOM SHS CLASS B","JANE STREET OPTIONS, LLC"
NMG,"NOUVEAU MONDE GRAPHITE INCCOM NEW","BELVEDERE TRADING LLC"
NMM,"NAVIOS MARITIME PTN","CITADEL SECURITIES LLC"
NMRA,"NEUMORA THERAPEUTICS INC.COM","CITADEL SECURITIES LLC"
NMRK,"NEWMARK GROUP INCCL A","CITADEL SECURITIES LLC"
NN,"NEXTNAV INCCOMMON STOCK","CITADEL SECURITIES LLC"
NNDM,"NANO DIMENSION LTDSPONSORD ADS NEW","SUSQUEHANNA SECURITIES, LLC"
NNE,"NANO NUCLEAR ENERGY INCCOM","WOLVERINE TRADING, LLC"
NNN,"NATIONAL RETAIL PROP","CITADEL SECURITIES LLC"
NNOX,"NANO X IMAGING LTDORD SHS","SUSQUEHANNA SECURITIES, LLC"
NNVC,"NANOVIRICIDES INCCOM NEW","SUSQUEHANNA SECURITIES, LLC"
NOAH,"NOAH HOLDINGS LTD","CITADEL SECURITIES LLC"
NOC,"NORTHROP GRUMMAN CORPCOM","SUSQUEHANNA SECURITIES, LLC"
NOG,"NORTHERN OIL AND GAS","CITADEL SECURITIES LLC"
NOK,"NOKIA CP ADS","WOLVERINE TRADING, LLC"
NOTE,"FiscalNote Holdings, Inc.","SUSQUEHANNA SECURITIES, LLC"
NOTV,"Inotiv, Inc.","CITADEL SECURITIES LLC"
NOV,"NOV, Inc","WOLVERINE TRADING, LLC"
NOW,"SERVICENOW, INC.","IMC-CHICAGO, LLC"
NPCE,"NEUROPACE INCCOM","WOLVERINE TRADING, LLC"
NPWR,"NET Power Inc.","SUSQUEHANNA SECURITIES, LLC"
NRDS,"NERDWALLET INCCOM CL A","CITADEL SECURITIES LLC"
NRDY,"Nerdy Inc.","CITADEL SECURITIES LLC"
NREF,"NEXPOINT REAL ESTATE FIN INCCOM","WOLVERINE TRADING, LLC"
NRG,"NRG ENERGY INC","WOLVERINE TRADING, LLC"
NRGV,"Energy Vault Holdings, Inc.","SUSQUEHANNA SECURITIES, LLC"
NRIX,"NURIX THERAPEUTICS INCCOM","SIMPLEX TRADING, LLC"
NRP,"NATURAL RES PTNRS LP","WOLVERINE TRADING, LLC"
NRXP,"NRX Pharmaceuticals, Inc.","CITADEL SECURITIES LLC"
NSC,"NORFOLK SOUTHERN CP","WOLVERINE TRADING, LLC"
NTAP,"NETAPP, INC.","SUSQUEHANNA SECURITIES, LLC"
NTB,"BANK OF NT BUTTERFIELD&SON LSHS NEW","WOLVERINE TRADING, LLC"
NTCT,"NETSCOUT SYSTEMS I","CITADEL SECURITIES LLC"
NTES,"NETEASE INC ADS","CITADEL SECURITIES LLC"
NTGR,"NETGEAR INC","CITADEL SECURITIES LLC"
NTNX,"NUTANIX INCCL A","CITADEL SECURITIES LLC"
NTR,"Nutrien Ltd.","SUSQUEHANNA SECURITIES, LLC"
NTRS,"NORTHERN TRUST CORP","CITADEL SECURITIES LLC"
NTST,"NETSTREIT CORPCOM","CITADEL SECURITIES LLC"
NU,"NU HLDGS LTDORD SHS CL A","CITADEL SECURITIES LLC"
NUE,"NUCOR CP","WOLVERINE TRADING, LLC"
NUGT,"Direxion Daily Gold Miners Index Bull 2X Shares","SUSQUEHANNA SECURITIES, LLC"
NUKZ,"EXCHANGE TRADED CONCEPTS TRURANGE NUCLEAR RE","BELVEDERE TRADING LLC"
NUS,"NU SKIN ENT INC","CITADEL SECURITIES LLC"
NUVB,"NUVATION BIO INCCOM CL A","CITADEL SECURITIES LLC"
NUVL,"NUVALENT INCCOM","SUSQUEHANNA SECURITIES, LLC"
NVAX,"NOVAVAX, INC.","CITADEL SECURITIES LLC"
NVCT,"NUVECTIS PHARMA INCCOM","SUSQUEHANNA SECURITIES, LLC"
NVD,"GRANITESHARES ETF TR1.5X SHORT NVDA","WOLVERINE TRADING, LLC"
NVDA,"NVIDIA CORPORATION","OPTIVER US LLC"
NVDG,"THEMES ETF TRLEVERAGE SHARES","IMC-CHICAGO, LLC"
NVDL,"GRANITESHARES ETF TR1.5X LNG NVDA DL","CITADEL SECURITIES LLC"
NVDS,"AXS 1.25X NVDA BEAR DAILY ETF","CITADEL SECURITIES LLC"
NVDU,"Direxion Daily NVDA Bull 2X Shares","BELVEDERE TRADING LLC"
NVDX,"T-REX 2X LONG NVIDIA DAILY","IMC-CHICAGO, LLC"
NVDY,"TIDAL ETF TR IIYIELDMAX NVDA","CITADEL SECURITIES LLC"
NVGS,"NAVIGATOR HOLDINGS","CITADEL SECURITIES LLC"
NVNO,"enVVeno Medical Corporation","CITADEL SECURITIES LLC"
NVO,"NOVO NORDISK A S","CITADEL SECURITIES LLC"
NVOX,"TIDAL TR IIDEFIANCE DLY TRG","IMC-CHICAGO, LLC"
NVS,"NOVARTIS AG ADS","SUSQUEHANNA SECURITIES, LLC"
NVST,"ENVISTA HLDGS CORPCOM","CITADEL SECURITIES LLC"
NVT,"NVENT ELECTRIC PLCSHS","CITADEL SECURITIES LLC"
NVTS,"Navitas Semiconductor Corporation","WOLVERINE TRADING, LLC"
NVX,"NOVONIX LIMITEDSPONSORED ADS","BELVEDERE TRADING LLC"
NWG,"NatWest Group plc","SUSQUEHANNA SECURITIES, LLC"
NWL,"NEWELL BRANDS INC.","CITADEL SECURITIES LLC"
NWPX,"NORTHWEST PIPE CO","SUSQUEHANNA SECURITIES, LLC"
NWSA,"NEWS CP CL A CMN ST","WOLVERINE TRADING, LLC"
NXDR,"Nextdoor Holdings, Inc.","CITADEL SECURITIES LLC"
NXE,"NEXGEN ENERGY LTDCOM","WOLVERINE TRADING, LLC"
NXPI,"NXP SEMICONDUCTORS N VCOM","CITADEL SECURITIES LLC"
NXST,"NEXSTAR MEDIA CM A","SUSQUEHANNA SECURITIES, LLC"
NXT,"NEXTRACKER INCCLASS A COM","WOLVERINE TRADING, LLC"
NZUS,"SPDR SER TRMSCI USA CLIMATE","SIMPLEX TRADING, LLC"
O,"REALTY INCOME CP","WOLVERINE TRADING, LLC"
OABI,"OMNIAB INCCOM","SIMPLEX TRADING, LLC"
OARK,"TIDAL ETF TR IIYIELDMAX INNOVAT","BELVEDERE TRADING LLC"
OBE,"OBSIDIAN ENERGY LTDCOM","WOLVERINE TRADING, LLC"
OBIO,"ORCHESTRA BIOMED HLDGS INCCOM","WOLVERINE TRADING, LLC"
OBK,"ORIGIN BANCORP INCCOM","SUSQUEHANNA SECURITIES, LLC"
OC,"OWENS CORNING","SUSQUEHANNA SECURITIES, LLC"
OCFC,"OCEANFIRST FINL CORP","CITADEL SECURITIES LLC"
OCFT,"ONECONNECT FINL TECHNOLOGY CSPONSORED ADS","CITADEL SECURITIES LLC"
OCGN,"OCUGEN INCCOM","CITADEL SECURITIES LLC"
OCSL,"OAKTREE SPECIALTY","CITADEL SECURITIES LLC"
OCUL,"OCULAR THERAPEUT CMN","CITADEL SECURITIES LLC"
ODD,"ODDITY TECH LTDSHS CL A","SIMPLEX TRADING, LLC"
ODFL,"OLD DOMINION FREIG","CITADEL SECURITIES LLC"
ODP,"The ODP Corporation","SUSQUEHANNA SECURITIES, LLC"
ODV,"OSISKO DEVELOPMENT CORPCOM NEW","WOLVERINE TRADING, LLC"
OFG,"OFG BANCORP","CITADEL SECURITIES LLC"
OFIX,"ORTHOFIX INTL NV","SUSQUEHANNA SECURITIES, LLC"
OFS,"OFS CAP CORPCOM","CITADEL SECURITIES LLC"
OGI,"ORGANIGRAM HLDGS INCCOM","SUSQUEHANNA SECURITIES, LLC"
OGN,"Organon & Co.","CITADEL SECURITIES LLC"
OHI,"OMEGA HEALTHCARE INV","CITADEL SECURITIES LLC"
OI,"O-I Glass, Inc.","SUSQUEHANNA SECURITIES, LLC"
OIH,"VANECK VECTORS OIL","CITADEL SECURITIES LLC"
OII,"OCEANEERING INTL INC","CITADEL SECURITIES LLC"
OIS,"OIL STATES INTL INC","CITADEL SECURITIES LLC"
OKE,"ONEOK INC        NEW","WOLVERINE TRADING, LLC"
OKLO,"Oklo Inc.","SIMPLEX TRADING, LLC"
OKTA,"OKTA INCCL A","IMC-CHICAGO, LLC"
OLED,"UNIVERSAL DISPLAY","CITADEL SECURITIES LLC"
OLLI,"OLLIES BARGAIN CS","CITADEL SECURITIES LLC"
OLMA,"OLEMA PHARMACEUTICALS INCCOM","SUSQUEHANNA SECURITIES, LLC"
OLN,"OLIN CP","WOLVERINE TRADING, LLC"
OLO,"OLO INCCL A","WOLVERINE TRADING, LLC"
OLPX,"OLAPLEX HLDGS INCCOM","WOLVERINE TRADING, LLC"
OMAB,"GRUPO AEROPORTUARIO DEL CENTSPON ADR","SUSQUEHANNA SECURITIES, LLC"
OMC,"OMNICOM GP INC","WOLVERINE TRADING, LLC"
OMER,"Omeros Corporation","CITADEL SECURITIES LLC"
OMF,"ONEMAIN HOLDINGS INC","CITADEL SECURITIES LLC"
OMI,"OWENS AND MINOR INC","CITADEL SECURITIES LLC"
ON,"ON SEMICONDUCTOR","WOLVERINE TRADING, LLC"
ONDS,"ONDAS HLDGS INCCOM NEW","CITADEL SECURITIES LLC"
ONEW,"ONEWATER MARINE INCCL A COM","CITADEL SECURITIES LLC"
ONIT,"Onity Group Inc.","SUSQUEHANNA SECURITIES, LLC"
ONL,"ORION OFFICE REIT INCCOM","CITADEL SECURITIES LLC"
ONON,"ON HLDG AGNAMEN AKT A","SUSQUEHANNA SECURITIES, LLC"
ONTF,"ON24 INCCOM","CITADEL SECURITIES LLC"
OPAD,"Offerpad Solutions Inc.","CITADEL SECURITIES LLC"
OPAL,"OPAL FUELS INCCLASS A COM","SUSQUEHANNA SECURITIES, LLC"
OPBK,"OP BANCORPCOM","WOLVERINE TRADING, LLC"
OPCH,"Option Care Health, Inc.","CITADEL SECURITIES LLC"
OPEN,"Opendoor Technologies Inc.","CITADEL SECURITIES LLC"
OPFI,"OppFi Inc. Class A","CITADEL SECURITIES LLC"
OPI,"Office Properties Income Trust","CITADEL SECURITIES LLC"
OPK,"OPKO HEALTH INCCOM","CITADEL SECURITIES LLC"
OPRA,"OPERA LTDSPONSORED ADS","CITADEL SECURITIES LLC"
OPRT,"OPORTUN FINL CORPCOM","CITADEL SECURITIES LLC"
OPRX,"OPTIMIZERX CORPCOM NEW","CITADEL SECURITIES LLC"
OPTT,"OCEAN PWR TECHNOLOGIES INCCOM NEW","SUSQUEHANNA SECURITIES, LLC"
OR,"OSISKO GOLD ROYALTIES LTDCOM","CITADEL SECURITIES LLC"
ORCL,"ORACLE CORPORATION","CITADEL SECURITIES LLC"
ORGN,"Origin Materials, Inc.","SUSQUEHANNA SECURITIES, LLC"
ORGO,"ORGANOGENESIS HLDGS INCCOM","CITADEL SECURITIES LLC"
ORI,"OLD REPUBLIC INTL CP","CITADEL SECURITIES LLC"
ORIC,"ORIC PHARMACEUTICALS INCCOM","CITADEL SECURITIES LLC"
ORKA,"Oruka Therapeutics, Inc.","CITADEL SECURITIES LLC"
ORLA,"ORLA MNG LTD NEWCOM","WOLVERINE TRADING, LLC"
ORLY,"O'REILLY AUTOMOTIVE","WOLVERINE TRADING, LLC"
ORRF,"ORRSTOWN FINL SVCS INC","SUSQUEHANNA SECURITIES, LLC"
OS,"ONESTREAM INCCL A","CITADEL SECURITIES LLC"
OSBC,"Old Second Bancorp Inc.","CITADEL SECURITIES LLC"
OSCR,"OSCAR HEALTH INCCL A","CITADEL SECURITIES LLC"
OSIS,"O S I SYSTEMS INC","WOLVERINE TRADING, LLC"
OSK,"OSHKOSH CP","CITADEL SECURITIES LLC"
OSPN,"OneSpan Inc.","CITADEL SECURITIES LLC"
OSS,"ONE STOP SYS INCCOM","CITADEL SECURITIES LLC"
OSUR,"ORASURE TECH INC","CITADEL SECURITIES LLC"
OSW,"ONESPAWORLD HOLDINGS LIMITEDCOM","SUSQUEHANNA SECURITIES, LLC"
OTEX,"OPEN TEXT CP","CITADEL SECURITIES LLC"
OTIS,"OTIS WORLDWIDE CORPCOM","CITADEL SECURITIES LLC"
OTLK,"OUTLOOK THERAPEUTICS INCCOM","CITADEL SECURITIES LLC"
OTLY,"OATLY GROUP ABSPONSORED ADS","SUSQUEHANNA SECURITIES, LLC"
OUST,"Ouster, Inc","WOLVERINE TRADING, LLC"
OUT,"OUTFRONT MEDIA INC.","CITADEL SECURITIES LLC"
OVID,"OVID THERAPEUTICS INCCOM","CITADEL SECURITIES LLC"
OVV,"Ovintiv Inc","WOLVERINE TRADING, LLC"
OWL,"Blue Owl Capital Inc.","WOLVERINE TRADING, LLC"
OXY,"OCCIDENTAL PET","IMC-CHICAGO, LLC"
OZEM,"ROUNDHILL ETF TRUSTGLP 1 & WEIGHT L","IMC-CHICAGO, LLC"
OZK,"BANK OZK","CITADEL SECURITIES LLC"
PAA,"PLAINS ALL AMER LP","CITADEL SECURITIES LLC"
PAAS,"PAN AMERICAN SILVER CORP","CITADEL SECURITIES LLC"
PACB,"PACIFIC BIOSCIENCES CALIF INCOM","CITADEL SECURITIES LLC"
PACK,"RANPAK HOLDINGS CORPCOM CL A","WOLVERINE TRADING, LLC"
PACS,"PACS GROUP INCCOM SHS","WOLVERINE TRADING, LLC"
PAGP,"PLAINS GP HLDHS LP","CITADEL SECURITIES LLC"
PAGS,"PAGSEGURO DIGITAL LTDCOM CL A","CITADEL SECURITIES LLC"
PAL,"PROFICIENT AUTO LOGISTICS INCOM","WOLVERINE TRADING, LLC"
PALL,"ABRDN PALLADIUM ETF TRUSTPHYSICAL PALLADM","WOLVERINE TRADING, LLC"
PANW,"Palo Alto Networks","CITADEL SECURITIES LLC"
PARR,"Par Pacific Holdings, Inc.","CITADEL SECURITIES LLC"
PATH,"UIPATH INCCL A","CITADEL SECURITIES LLC"
PATK,"PATRICK INDS INCCOM","SUSQUEHANNA SECURITIES, LLC"
PAVE,"GLOBAL X US INFRASTRUCTURE DEVEL","WOLVERINE TRADING, LLC"
PAVM,"PAVMED INCCOM","CITADEL SECURITIES LLC"
PAX,"PATRIA INVESTMENTS LIMITEDCOM CL A","CITADEL SECURITIES LLC"
PAY,"PAYMENTUS HOLDINGS INCCOM CL A","SUSQUEHANNA SECURITIES, LLC"
PAYO,"Payoneer Global Inc.","CITADEL SECURITIES LLC"
PAYX,"PAYCHEX, INC.","CITADEL SECURITIES LLC"
PBF,"PBF ENERGY INC.","SUSQUEHANNA SECURITIES, LLC"
PBI,"PITNEY BOWES INC","SUSQUEHANNA SECURITIES, LLC"
PBPB,"POTBELLY CORP CMN","SUSQUEHANNA SECURITIES, LLC"
PBR,"PETROLEO BRASILEIRO","WOLVERINE TRADING, LLC"
PBYI,"PUMA BIOTCHNGY CM","CITADEL SECURITIES LLC"
PCAR,"PACCAR INC.","IMC-CHICAGO, LLC"
PCB,"PCB BANCORPCOM","CITADEL SECURITIES LLC"
PCG,"PG&E CORPCOM","IMC-CHICAGO, LLC"
PCH,"PotlatchDeltic Corporation","CITADEL SECURITIES LLC"
PCOR,"PROCORE TECHNOLOGIES INCCOM","CITADEL SECURITIES LLC"
PCRX,"PACIRA PHARM INC","CITADEL SECURITIES LLC"
PCT,"PureCycle Technologies Inc","SUSQUEHANNA SECURITIES, LLC"
PCVX,"VAXCYTE INCCOM","CITADEL SECURITIES LLC"
PD,"PAGERDUTY INCCOM","CITADEL SECURITIES LLC"
PDBA,"INVESCO ACTVELY MNGD ETC FDAGRI CMDTY STRA","SIMPLEX TRADING, LLC"
PDD,"PINDUODUO INCSPONSORED ADS","CITADEL SECURITIES LLC"
PDS,"PRECISION DRILL CORP","CITADEL SECURITIES LLC"
PDSB,"PDS Biotechnology Corporation","CITADEL SECURITIES LLC"
PDYN,"PALLADYNE AI CORPCOM NEW","WOLVERINE TRADING, LLC"
PECO,"PHILLIPS EDISON & CO INCCOMMON STOCK","SUSQUEHANNA SECURITIES, LLC"
PEG,"PUB ENTRPR GP","WOLVERINE TRADING, LLC"
PENG,"Penguin Solutions, Inc.","WOLVERINE TRADING, LLC"
PENN,"PENN NATL GAMING INC","CITADEL SECURITIES LLC"
PEP,"PEPSICO INC","WOLVERINE TRADING, LLC"
PEPG,"PEPGEN INCCOM","SIMPLEX TRADING, LLC"
PERI,"PERION NETWORK LTD.","CITADEL SECURITIES LLC"
PETS,"PETMED EXPRESS INC","CITADEL SECURITIES LLC"
PEW,"GrabAGun Digital Holdings Inc.","CITADEL SECURITIES LLC"
PFE,"PFIZER INC","IMC-CHICAGO, LLC"
PFG,"PRINCIPAL FINL GROUP","CITADEL SECURITIES LLC"
PFGC,"PERFORMANCE FOOD GROUP COCOM","CITADEL SECURITIES LLC"
PFSI,"PennyMac Financial Services, Inc. Common Stock","CITADEL SECURITIES LLC"
PG,"PROCTER   GAMBLE CO","CITADEL SECURITIES LLC"
PGEN,"PRECIGEN, INC.","CITADEL SECURITIES LLC"
PGNY,"PROGYNY INCCOM","CITADEL SECURITIES LLC"
PGR,"PROGRESSIVE CP","SUSQUEHANNA SECURITIES, LLC"
PGY,"PAGAYA TECHNOLOGIES LTDCL A SHS","CITADEL SECURITIES LLC"
PH,"PARKER HANNIFIN CP","WOLVERINE TRADING, LLC"
PHAT,"PHATHOM PHARMACEUTICALS INCCOM","CITADEL SECURITIES LLC"
PHIN,"PHINIA INCCOMMON STOCK","BELVEDERE TRADING LLC"
PHM,"PULTEGroup, INC.","CITADEL SECURITIES LLC"
PHR,"PHREESIA INCCOM","BELVEDERE TRADING LLC"
PHUN,"PHUNWARE INCCOM","IMC-CHICAGO, LLC"
PI,"IMPINJ INC CM","CITADEL SECURITIES LLC"
PII,"POLARIS INC.","WOLVERINE TRADING, LLC"
PINE,"ALPINE INCOME PPTY TR INCCOM","CITADEL SECURITIES LLC"
PINS,"Pinterest","IMC-CHICAGO, LLC"
PKBK,"PARKE BANCORP INCCOM","SUSQUEHANNA SECURITIES, LLC"
PKG,"PACKAGING CP AMER","CITADEL SECURITIES LLC"
PKST,"PEAKSTONE REALTY TRUSTCOMMON SHARES","CITADEL SECURITIES LLC"
PKX,"POSCO","CITADEL SECURITIES LLC"
PL,"Planet Labs PBC","CITADEL SECURITIES LLC"
PLAB,"PHOTRONICS INC","WOLVERINE TRADING, LLC"
PLAY,"DAVE & BUSTER'S ENTE","IMC-CHICAGO, LLC"
PLBY,"Plby Group Inc","WOLVERINE TRADING, LLC"
PLCE,"CHILDREN'S PLACE INC","CITADEL SECURITIES LLC"
PLD,"PROLOGIS, INC","CITADEL SECURITIES LLC"
PLRX,"PLIANT THERAPEUTICS INCCOM","CITADEL SECURITIES LLC"
PLSE,"PULSE BIOSCIENCES INCCOM","CITADEL SECURITIES LLC"
PLTK,"PLAYTIKA HLDG CORPCOM","CITADEL SECURITIES LLC"
PLTR,"PALANTIR TECHNOLOGIES INCCL A","IMC-CHICAGO, LLC"
PLUG,"PLUG POWER INC","WOLVERINE TRADING, LLC"
PLUS,"EPLUS INCCOM","SUSQUEHANNA SECURITIES, LLC"
PLYM,"PLYMOUTH INDL REIT INCCOM","CITADEL SECURITIES LLC"
PM,"PHILIP MORRIS INTL","CITADEL SECURITIES LLC"
PMT,"PENNYMAC MTG INVT TR","CITADEL SECURITIES LLC"
PMVP,"PMV PHARMACEUTICALS INCCOM","CITADEL SECURITIES LLC"
PNC,"P N C FIN SVCS GR","WOLVERINE TRADING, LLC"
PNNT,"PENNANTPARK INVT CORPCOM","SUSQUEHANNA SECURITIES, LLC"
PNR,"PENTAIR PLC.","CITADEL SECURITIES LLC"
PNW,"PINNACLE WEST CAP","WOLVERINE TRADING, LLC"
PODD,"INSULET CORPORATION","CITADEL SECURITIES LLC"
POET,"POET TECHNOLOGIES INCCOM NEW","BELVEDERE TRADING LLC"
PONY,"PONY AI INCSPONSORED ADS","WOLVERINE TRADING, LLC"
POST,"Post Holdings Inc","CITADEL SECURITIES LLC"
POWL,"POWELL INDS INC","CITADEL SECURITIES LLC"
POWW,"AMMO INCCOM","SUSQUEHANNA SECURITIES, LLC"
PPC,"PILGRIM'S PRIDE CMN","CITADEL SECURITIES LLC"
PPG,"P P G IND","WOLVERINE TRADING, LLC"
PPIH,"PERMA-PIPE INTL HLDGS INCCOM","BELVEDERE TRADING LLC"
PPL,"PPL CORP","WOLVERINE TRADING, LLC"
PPLT,"ABRDN PLATINUM ETF TRUSTPHYSCL PLATM SHS","WOLVERINE TRADING, LLC"
PPSI,"PIONEER PWR SOLUTIONS INCCOM NEW","SUSQUEHANNA SECURITIES, LLC"
PPTA,"PERPETUA RESOURCES CORPCOM","CITADEL SECURITIES LLC"
PR,"Permian Resources Corporation","WOLVERINE TRADING, LLC"
PRAA,"PRA GROUP INC CMN","CITADEL SECURITIES LLC"
PRAX,"PRAXIS PRECISION MEDICINES ICOM","CITADEL SECURITIES LLC"
PRCH,"Porch Group, Inc.","SUSQUEHANNA SECURITIES, LLC"
PRCT,"PROCEPT BIOROBOTICS CORPCOM","CITADEL SECURITIES LLC"
PRDO,"Perdoceo Education Corporation","WOLVERINE TRADING, LLC"
PRG,"PROG HOLDINGS INCCOM","SUSQUEHANNA SECURITIES, LLC"
PRGO,"PERRIGO COMPANY PLC","CITADEL SECURITIES LLC"
PRKS,"United Parks & Resorts Inc.","CITADEL SECURITIES LLC"
PRLB,"PROTO LABS, INC.","CITADEL SECURITIES LLC"
PRLD,"PRELUDE THERAPEUTICS INCCOM","BELVEDERE TRADING LLC"
PRM,"PERIMETER SOLUTIONS SACOMMON STOCK","SUSQUEHANNA SECURITIES, LLC"
PRMB,"Primo Brands  Corporation","SUSQUEHANNA SECURITIES, LLC"
PRME,"PRIME MEDICINE INCCOM","CITADEL SECURITIES LLC"
PROF,"PROFOUND MEDICAL CORP","CITADEL SECURITIES LLC"
PROK,"ProKidney Corporation","CITADEL SECURITIES LLC"
PROP,"PRAIRIE OPER COCOM","IMC-CHICAGO, LLC"
PRPH,"PROPHASE LABS INCCOM","SUSQUEHANNA SECURITIES, LLC"
PRPL,"PURPLE INNOVATION INCCOM","CITADEL SECURITIES LLC"
PRQR,"PROQR THRAPEUTICS N V","CITADEL SECURITIES LLC"
PRSU,"Pursuit Attractions and Hospitality, Inc.","CITADEL SECURITIES LLC"
PRTA,"PROTHENA CORP","SUSQUEHANNA SECURITIES, LLC"
PRTH,"PRIORITY TECHNOLOGY HLDGS INCOM","WOLVERINE TRADING, LLC"
PRTS,"CarParts.com, Inc.","WOLVERINE TRADING, LLC"
PRU,"PRUDENTIAL FINCL INC","CITADEL SECURITIES LLC"
PRVA,"PRIVIA HEALTH GROUP INCCOM","CITADEL SECURITIES LLC"
PSA,"PUBLIC STG","SUSQUEHANNA SECURITIES, LLC"
PSEC,"PROSPECT CAPITAL CP","WOLVERINE TRADING, LLC"
PSFE,"Paysafe Limited","IMC-CHICAGO, LLC"
PSIX,"POWER SOLUTIONS INTERNATIONAL, INC.","SIMPLEX TRADING, LLC"
PSKY,"Paramount Global (Class B)","CITADEL SECURITIES LLC"
PSMT,"PRICESMART INC","CITADEL SECURITIES LLC"
PSNL,"PERSONALIS INCCOM","CITADEL SECURITIES LLC"
PSNY,"Polestar Automotive Holding UK PLC","SUSQUEHANNA SECURITIES, LLC"
PSQH,"PSQ Holdings, Inc.","SUSQUEHANNA SECURITIES, LLC"
PSTG,"PURE STORAGE, INC.","CITADEL SECURITIES LLC"
PSTL,"POSTAL REALTY TRUST INCCL A","SIMPLEX TRADING, LLC"
PSX,"Phillips 66","WOLVERINE TRADING, LLC"
PTC,"PTC Inc.","CITADEL SECURITIES LLC"
PTCT,"PTC THERAPEUTICS CMN","CITADEL SECURITIES LLC"
PTEN,"PATTERSON-UTI ENERGY","CITADEL SECURITIES LLC"
PTGX,"PROTAGONIST THERAPEUTICS INCCOM","CITADEL SECURITIES LLC"
PTIR,"GRANITESHARES ETF TR2X LONG PLTR","CITADEL SECURITIES LLC"
PTLO,"PORTILLOS INCCOM CL A","CITADEL SECURITIES LLC"
PTON,"Peloton Interactive Inc.","IMC-CHICAGO, LLC"
PUBM,"PUBMATIC INCCOM CL A","SUSQUEHANNA SECURITIES, LLC"
PVBC,"PROVIDENT BANCORP INCCOM NEW","CITADEL SECURITIES LLC"
PVH,"PVH Corp.","SUSQUEHANNA SECURITIES, LLC"
PWP,"Perella Weinberg Partners","CITADEL SECURITIES LLC"
PWR,"QUANTA SERVICES INC","CITADEL SECURITIES LLC"
PX,"P10 INCCOM CL A","SUSQUEHANNA SECURITIES, LLC"
PYPL,"PayPal Holdings","CITADEL SECURITIES LLC"
PYXS,"PYXIS ONCOLOGY INCCOMMON STOCK","CITADEL SECURITIES LLC"
PZZA,"PAPA JOHN'S INTL","SUSQUEHANNA SECURITIES, LLC"
QBTS,"D-Wave Quantum Inc.","SUSQUEHANNA SECURITIES, LLC"
QCOM,"QUALCOMM INC","WOLVERINE TRADING, LLC"
QD,"QUDIAN INCADR","SUSQUEHANNA SECURITIES, LLC"
QDEL,"QUIDEL CP","SUSQUEHANNA SECURITIES, LLC"
QID,"PROSHARES ULTRASHORT QQQ","WOLVERINE TRADING, LLC"
QIPT,"QUIPT HOME MEDICAL CORPCOM","CITADEL SECURITIES LLC"
QLD,"PROSHARES ULTRA QQQ","SUSQUEHANNA SECURITIES, LLC"
QLYS,"QUALYS, INC.","CITADEL SECURITIES LLC"
QNCX,"Quince Therapeutics, Inc.","SUSQUEHANNA SECURITIES, LLC"
QNXT,"ISHARES TRNASDAQ-100 EX","IMC-CHICAGO, LLC"
QQQ,"INVESCO QQQ","IMC-CHICAGO, LLC"
QQQI,"NEOS ETF TRUSTNASDAQ 100 HIGH","CITADEL SECURITIES LLC"
QQQJ,"INVESCO NASDAQ NEXT GEN 100 ETF","CITADEL SECURITIES LLC"
QQQP,"INVESTMENT MANAGERS SER TR ITRADR 2X LNG TRI","BELVEDERE TRADING LLC"
QQQT,"TIDAL TR IIDEFIANCE NASDAQ","IMC-CHICAGO, LLC"
QQQY,"TIDAL TR IIDEFIANCE OPTN IN","SIMPLEX TRADING, LLC"
QRHC,"QUEST RESOURCE HLDG CORPCOM NEW","CITADEL SECURITIES LLC"
QRVO,"QORVO, INC. CMN","IMC-CHICAGO, LLC"
QS,"QuantumScape Corporation Class A","IMC-CHICAGO, LLC"
QSI,"Quantum-Si Incorporated","WOLVERINE TRADING, LLC"
QSR,"RESTAURANT BRANDS","CITADEL SECURITIES LLC"
QTOP,"ISHARES TRNASDAQ TOP 30","IMC-CHICAGO, LLC"
QUAL,"iShares MSCI USA Quality Factor ETF","WOLVERINE TRADING, LLC"
QUBT,"QUANTUM COMPUTING INCCOM","WOLVERINE TRADING, LLC"
QUIK,"QUICKLOGIC CORP","CITADEL SECURITIES LLC"
QUS,"SPDR SER TRMSCI USA STRTGIC","SIMPLEX TRADING, LLC"
QVCGA,"QVC Group, Inc","CITADEL SECURITIES LLC"
QXO,"QXO, Inc.","IMC-CHICAGO, LLC"
QYLD,"GLOBAL X FDSNASDAQ 100 COVER","CITADEL SECURITIES LLC"
QYLG,"GLOBAL X FDSNASDQ 100 CVRDGW","WOLVERINE TRADING, LLC"
R,"RYDER SYSTEM INC","SUSQUEHANNA SECURITIES, LLC"
RACE,"FERRARI N VCOM","CITADEL SECURITIES LLC"
RAL,"RALLIANT CORPCOM","SIMPLEX TRADING, LLC"
RANI,"RANI THERAPEUTICS HLDGS INCCOM CL A","SUSQUEHANNA SECURITIES, LLC"
RAPP,"RAPPORT THERAPEUTICS INCCOM","CITADEL SECURITIES LLC"
RAPT,"RAPT THERAPEUTICS, INC.","CITADEL SECURITIES LLC"
RAVE,"Rave Restaurant Group, Inc.","CITADEL SECURITIES LLC"
RBB,"RBB BANCORPCOM","SUSQUEHANNA SECURITIES, LLC"
RBC,"RBC BEARINGS INCCOM","WOLVERINE TRADING, LLC"
RBLX,"Roblox Corporation","IMC-CHICAGO, LLC"
RBRK,"RUBRIK INC.CL A","IMC-CHICAGO, LLC"
RCAT,"RED CAT HLDGS INCCOM","SUSQUEHANNA SECURITIES, LLC"
RCEL,"Avita Medical, Inc.","WOLVERINE TRADING, LLC"
RCI,"ROGERS COMMUN CL B","CITADEL SECURITIES LLC"
RCL,"ROYAL CARIBBEAN CR","CITADEL SECURITIES LLC"
RDDT,"REDDIT INCCL A","IMC-CHICAGO, LLC"
RDI,"READING INTL CL A","SUSQUEHANNA SECURITIES, LLC"
RDN,"RADIAN GROUP INC","CITADEL SECURITIES LLC"
RDNT,"RADNET INC","WOLVERINE TRADING, LLC"
RDVT,"RED VIOLET INCCOM","CITADEL SECURITIES LLC"
RDW,"Redwire Corporation","SUSQUEHANNA SECURITIES, LLC"
RDWR,"RADWARE LTD.","CITADEL SECURITIES LLC"
REAL,"THE REALREAL INCCOM","SUSQUEHANNA SECURITIES, LLC"
REAX,"THE REAL BROKERAGE INCCOM NEW","CITADEL SECURITIES LLC"
REE,"REE Automotive Ltd.","CITADEL SECURITIES LLC"
REFI,"CHICAGO ATLANTIC REAL ESTATECOM","CITADEL SECURITIES LLC"
REGN,"REGENERON PHARMACEUT","CITADEL SECURITIES LLC"
REI,"RING ENERGY INCCOM","CITADEL SECURITIES LLC"
REKR,"REKOR SYSTEMS INCCOM","CITADEL SECURITIES LLC"
REKT,"DIREXION SHS ETF TRDAILY CRYPTO IND","BELVEDERE TRADING LLC"
RELX,"RELX PLC","CITADEL SECURITIES LLC"
RELY,"REMITLY GLOBAL INCCOM","CITADEL SECURITIES LLC"
RENB,"Renovaro Biosciences Inc","CITADEL SECURITIES LLC"
REPX,"Riley Exploration Permian, Inc.","SIMPLEX TRADING, LLC"
RETL,"Direxion Daily Retail Bull 3X Shares","WOLVERINE TRADING, LLC"
REVG,"REV GROUP INCCOM","CITADEL SECURITIES LLC"
REX,"REX American Resources Corp","CITADEL SECURITIES LLC"
REXR,"REXFORD INDL RLTY INCCOM","WOLVERINE TRADING, LLC"
REZI,"RESIDEO TECHNOLOGIES INCCOM","CITADEL SECURITIES LLC"
RF,"REGIONS FINANCIAL CP","CITADEL SECURITIES LLC"
RFIL,"RF INDS LTD","WOLVERINE TRADING, LLC"
RFL,"Rafael Holdings, Inc. Class B","CITADEL SECURITIES LLC"
RGC,"REGENCELL BIOSCIENCE HLDGS LORDINARY SHARES","CITADEL SECURITIES LLC"
RGCO,"RGC RES INCCOM","BELVEDERE TRADING LLC"
RGEN,"REPLIGEN CP","CITADEL SECURITIES LLC"
RGLD,"ROYAL GOLD, INC.","SUSQUEHANNA SECURITIES, LLC"
RGR,"STURM RUGER AND CO","CITADEL SECURITIES LLC"
RGTI,"Rigetti Computing, Inc","CITADEL SECURITIES LLC"
RH,"RH","IMC-CHICAGO, LLC"
RHI,"ROBERT HALF INTL INC","WOLVERINE TRADING, LLC"
RIG,"TRANSOCEAN LTD","CITADEL SECURITIES LLC"
RIGL,"RIGEL PHARMACEUTICAL","CITADEL SECURITIES LLC"
RILY,"B RILEY FINL INCCOM","SUSQUEHANNA SECURITIES, LLC"
RINF,"PROSHARES TRINFLATN EXPECTNS","BELVEDERE TRADING LLC"
RIO,"RIO TINTO PLC ADS","CITADEL SECURITIES LLC"
RIOT,"Riot Blockchain Inc.","CITADEL SECURITIES LLC"
RIOX,"TIDAL TR IIDEFIANCE DAILY T","IMC-CHICAGO, LLC"
RITM,"Rithm Capital Corporation","CITADEL SECURITIES LLC"
RIVN,"RIVIAN AUTOMOTIVE INCCOM CL A","IMC-CHICAGO, LLC"
RJF,"RAYMOND JAMES FIN CP","CITADEL SECURITIES LLC"
RKLB,"Rocket Lab USA, Inc.","CITADEL SECURITIES LLC"
RKT,"ROCKET COS INCCOM CL A","CITADEL SECURITIES LLC"
RL,"RALPH LAUREN CP","WOLVERINE TRADING, LLC"
RLAY,"RELAY THERAPEUTICS INCCOM","CITADEL SECURITIES LLC"
RLGT,"RADIANT LOGISTICS INCCOM","WOLVERINE TRADING, LLC"
RLMD,"RELMADA THERAPEUTICS INCCOM","CITADEL SECURITIES LLC"
RLX,"RLX TECHNOLOGY INCSPONSORED ADS","CITADEL SECURITIES LLC"
RMBS,"RAMBUS INC.","CITADEL SECURITIES LLC"
RMD,"RESMED INC","CITADEL SECURITIES LLC"
RMNI,"RIMINI STR INC DELCOM","CITADEL SECURITIES LLC"
RMR,"RMR GROUP INCCL A","CITADEL SECURITIES LLC"
RMTI,"ROCKWELL MEDICAL, IN","CITADEL SECURITIES LLC"
RNA,"AVIDITY BIOSCIENCES INCCOM","SUSQUEHANNA SECURITIES, LLC"
RNAC,"Cartesian Therapeutics, Inc.","JANE STREET OPTIONS, LLC"
RNG,"RINGCENTRAL, INC.","SUSQUEHANNA SECURITIES, LLC"
RNW,"ReNew Energy Global plc Class A","CITADEL SECURITIES LLC"
ROBN,"ETF OPPORTUNITIES TRUSTT REX 2X LONG HO","IMC-CHICAGO, LLC"
ROE,"EA SERIES TRUSTASTORIA US EQUAL","SIMPLEX TRADING, LLC"
ROIV,"ROIVANT SCIENCES LTDSHS","CITADEL SECURITIES LLC"
ROK,"ROCKWELL AUTOMAT INC","SUSQUEHANNA SECURITIES, LLC"
ROKU,"ROKU, INC. A CMN","WOLVERINE TRADING, LLC"
ROOT,"ROOT INCCOM CL A","CITADEL SECURITIES LLC"
ROP,"ROPER TECHNOLOGIES","SUSQUEHANNA SECURITIES, LLC"
ROST,"ROSS STORES, INC.","IMC-CHICAGO, LLC"
RPAY,"REPAY HLDGS CORPCOM CL A","CITADEL SECURITIES LLC"
RPRX,"ROYALTY PHARMA PLCSHS CL A","SUSQUEHANNA SECURITIES, LLC"
RPTX,"REPARE THERAPEUTICS INCCOM","CITADEL SECURITIES LLC"
RR,"RICHTECH ROBOTICS INCCL B","CITADEL SECURITIES LLC"
RRC,"RANGE RES CORP","SUSQUEHANNA SECURITIES, LLC"
RRGB,"RED ROBIN GOURM","CITADEL SECURITIES LLC"
RRR,"RED ROCK RESORTS INCCL A","CITADEL SECURITIES LLC"
RS,"RELIANCE STL & ALMN","WOLVERINE TRADING, LLC"
RSG,"REPUBLIC SVCS INC","CITADEL SECURITIES LLC"
RSI,"Rush Street Interactive, Inc. Class A","CITADEL SECURITIES LLC"
RSKD,"RISKIFIED LTDSHS CL A","CITADEL SECURITIES LLC"
RSP,"INVESCO S&P 500 EQUAL WEIGHT ETF","CITADEL SECURITIES LLC"
RSPC,"INVESCO EXCHANGE TRADED FD TS&P 500A EQL","BELVEDERE TRADING LLC"
RSPU,"INVESCO EXCHANGE TRADED FD TS&P500 EQL UTL","BELVEDERE TRADING LLC"
RSVR,"Reservoir Media, Inc.","WOLVERINE TRADING, LLC"
RTO,"Rentokil Initial plc","CITADEL SECURITIES LLC"
RTX,"Raytheon Technologies Corporation","IMC-CHICAGO, LLC"
RUM,"Rumble Inc","SUSQUEHANNA SECURITIES, LLC"
RUN,"SUNRUN INC CMN STK","CITADEL SECURITIES LLC"
RUNN,"STRATEGIC TRUSTRUNNING GWTH ETF","*** No LMM ***"
RVLV,"REVOLVE GROUP INCCL A","CITADEL SECURITIES LLC"
RVMD,"REVOLUTION MEDICINES INCCOM","BELVEDERE TRADING LLC"
RVPH,"Reviva Pharmaceuticals Holdings, Inc.","BELVEDERE TRADING LLC"
RVTY,"Revvity, Inc","SUSQUEHANNA SECURITIES, LLC"
RWAY,"RUNWAY GROWTH FINANCE CORPCOM","WOLVERINE TRADING, LLC"
RWT,"REDWOOD TR INC","WOLVERINE TRADING, LLC"
RXO,"RXO INCCOMMON STOCK","CITADEL SECURITIES LLC"
RXRX,"RECURSION PHARMACEUTICALS INCL A","CITADEL SECURITIES LLC"
RXST,"RXSIGHT INCCOM","CITADEL SECURITIES LLC"
RXT,"RACKSPACE TECHNOLOGY INCCOM","WOLVERINE TRADING, LLC"
RY,"ROYAL BANK OF CANADA","CITADEL SECURITIES LLC"
RYAM,"RAYONIER ADVANCED MT","CITADEL SECURITIES LLC"
RYAN,"Ryan Specialty Holdings, Inc.","BELVEDERE TRADING LLC"
RYLD,"GLOBAL X FDS RUSSELL 2000","CITADEL SECURITIES LLC"
RYN,"RAYONIER INC REIT","CITADEL SECURITIES LLC"
RZLT,"REZOLUTE INCCOM NEW","CITADEL SECURITIES LLC"
RZLV,"Rezolve AI Limited","WOLVERINE TRADING, LLC"
S,"SENTINELONE INCCL A","CITADEL SECURITIES LLC"
SA,"SEABRIDGE GOLD INC","SUSQUEHANNA SECURITIES, LLC"
SABR,"SABRE CORPORATION CM","CITADEL SECURITIES LLC"
SACH,"SACHEM CAP CORPCOM","CITADEL SECURITIES LLC"
SAFE,"Safehold Inc.","CITADEL SECURITIES LLC"
SAIL,"SAILPOINT INCCOM","CITADEL SECURITIES LLC"
SAM,"BOSTON BEER INC","CITADEL SECURITIES LLC"
SAMG,"SILVERCREST ASSET MGMT GROUPCL A","BELVEDERE TRADING LLC"
SANA,"Sana Biotechnology","SIMPLEX TRADING, LLC"
SAND,"SANDSTORM GOLD LTD.","SUSQUEHANNA SECURITIES, LLC"
SANM,"SANMINA CORP","SUSQUEHANNA SECURITIES, LLC"
SAP,"SAP SE ADS","WOLVERINE TRADING, LLC"
SAR,"SARATOGA INVT CORPCOM NEW","SUSQUEHANNA SECURITIES, LLC"
SARK,"COLLABORATIVE INVESTMNT SERTUTTLE CAP SHORT","CITADEL SECURITIES LLC"
SARO,"STANDARDAERO INCCOM","WOLVERINE TRADING, LLC"
SATL,"Satellogic Inc.","BELVEDERE TRADING LLC"
SATS,"ECHOSTAR CORPCL A","JANE STREET OPTIONS, LLC"
SAVA,"CASSAVA SCIENCES INCCOM","CITADEL SECURITIES LLC"
SB,"SAFE BULKERS, INC","CITADEL SECURITIES LLC"
SBAC,"SBA COMMUNICATIONS","SUSQUEHANNA SECURITIES, LLC"
SBB,"PROSHARES TRSHRT SMALLCAP60","BELVEDERE TRADING LLC"
SBCF,"Seacoast Banking Corporation of Florida","SUSQUEHANNA SECURITIES, LLC"
SBET,"SHARPLINK GAMING INCCOM","CITADEL SECURITIES LLC"
SBGI,"SINCLAIR BRDCST A","WOLVERINE TRADING, LLC"
SBIT,"PROSHARES TRULTRASHORT BITCO","WOLVERINE TRADING, LLC"
SBLK,"STAR BULK CARRIERS","SUSQUEHANNA SECURITIES, LLC"
SBSI,"SOUTHSIDE BANCSHARES INC","CITADEL SECURITIES LLC"
SBSW,"Sibanye-Stillwater","SUSQUEHANNA SECURITIES, LLC"
SBUX,"STARBUCKS CORP","IMC-CHICAGO, LLC"
SCCO,"SOUTHERN COPPER CORP","WOLVERINE TRADING, LLC"
SCHL,"SCHOLASTIC CP","SUSQUEHANNA SECURITIES, LLC"
SCHW,"CHARLES SCHWAB INC","IMC-CHICAGO, LLC"
SCI,"SERVICE CP INTL","CITADEL SECURITIES LLC"
SCO,"PROSH BB CRUDE OIL","WOLVERINE TRADING, LLC"
SCPH,"SCPHARMACEUTICALS INCCOM","CITADEL SECURITIES LLC"
SCS,"STEELCASE INC","CITADEL SECURITIES LLC"
SCYX,"SCYNEXIS INCCOM","CITADEL SECURITIES LLC"
SD,"SANDRIDGE ENERGY INCCOM NEW","SUSQUEHANNA SECURITIES, LLC"
SDD,"PROSHARES TRULTSHT SMLCP600","BELVEDERE TRADING LLC"
SDGR,"SCHRODINGER INCCOM","SUSQUEHANNA SECURITIES, LLC"
SDOW,"PROSHARES ULTRAPRO","IMC-CHICAGO, LLC"
SDP,"PROSHARES TRULSHRT UTILS NEW","BELVEDERE TRADING LLC"
SDRL,"SEADRILL 2021 LTDCOM","WOLVERINE TRADING, LLC"
SDS,"PROSHARES ULTRASHORT S&P500","WOLVERINE TRADING, LLC"
SE,"SEA LTDADR","CITADEL SECURITIES LLC"
SEDG,"SOLAREDGE TECH CMN","IMC-CHICAGO, LLC"
SEE,"SEALED AIR CP NEW","CITADEL SECURITIES LLC"
SEER,"SEER INCCOM CL A","CITADEL SECURITIES LLC"
SELF,"GLOBAL SELF STORAGE INCCOM","SUSQUEHANNA SECURITIES, LLC"
SEMR,"SEMRUSH HLDGS INCCL A COM","CITADEL SECURITIES LLC"
SENS,"SENSEONICS HLDGS INCCOM","SUSQUEHANNA SECURITIES, LLC"
SEPN,"SEPTERNA INCCOM","CITADEL SECURITIES LLC"
SERA,"SERA PROGNOSTICS INCCLASS A COM","BELVEDERE TRADING LLC"
SERV,"SERVE ROBOTICS INCCOM","IMC-CHICAGO, LLC"
SES,"SES AI Corporation","CITADEL SECURITIES LLC"
SEVN,"SEVEN HILLS REALTY TRUSTCOM","BELVEDERE TRADING LLC"
SEZL,"SEZZLE INCCOM","JANE STREET OPTIONS, LLC"
SFBS,"SERVISFIRST BANCSHARES INCCOM","SIMPLEX TRADING, LLC"
SFD,"SMITHFIELD FOODS INCCOM","WOLVERINE TRADING, LLC"
SFIX,"STITCH FIX INCCOM CL A","CITADEL SECURITIES LLC"
SFL,"SFL CORPORATION LTD.","WOLVERINE TRADING, LLC"
SFM,"SPROUTS FARMERS MARK","CITADEL SECURITIES LLC"
SFNC,"Simmons First National Corporation-Cl A","SIMPLEX TRADING, LLC"
SFST,"SOUTHERN FIRST BANCSHARESCOM","SUSQUEHANNA SECURITIES, LLC"
SG,"SWEETGREEN INCCOM CL A","CITADEL SECURITIES LLC"
SGHC,"Super Group","CITADEL SECURITIES LLC"
SGHT,"SIGHT SCIENCES INCCOM","SUSQUEHANNA SECURITIES, LLC"
SGI,"Somnigroup International Inc.","CITADEL SECURITIES LLC"
SGML,"SIGMA LITHIUM CORPORATIONCOM","SUSQUEHANNA SECURITIES, LLC"
SGMO,"SANGAMO THERAPEUTICS","CITADEL SECURITIES LLC"
SGMT,"SAGIMET BIOSCIENCES INCCOM SER A","BELVEDERE TRADING LLC"
SGRY,"SURGERY PARTNERS INCCOM","CITADEL SECURITIES LLC"
SH,"SHRT S&P500 PROSHRS","SUSQUEHANNA SECURITIES, LLC"
SHAK,"SHAKE SHACK, INC.","CITADEL SECURITIES LLC"
SHBI,"SHORE BANCSHARES INCCOM","CITADEL SECURITIES LLC"
SHC,"SOTERA HEALTH COCOM","CITADEL SECURITIES LLC"
SHCO,"Soho House & Co Inc.","CITADEL SECURITIES LLC"
SHEL,"Shell plc American Depositary Shares","IMC-CHICAGO, LLC"
SHG,"SHINHAN FINANCIAL GROUP CO., LTD. SPONSORED ADR","WOLVERINE TRADING, LLC"
SHIP,"SEANERGY MARITIME HLDGS CORPSHS","WOLVERINE TRADING, LLC"
SHLD,"GLOBAL X FDSDEFENSE TECH ETF","WOLVERINE TRADING, LLC"
SHLS,"SHOALS TECHNOLOGIES GROUP INCL A","CITADEL SECURITIES LLC"
SHOO,"STEVEN MADDENS LTD","SUSQUEHANNA SECURITIES, LLC"
SHOP,"SHOPIFY INC.","IMC-CHICAGO, LLC"
SHOT,"SAFETY SHOT, INC.","BELVEDERE TRADING LLC"
SHW,"SHERWIN WILLIAMS CO","SUSQUEHANNA SECURITIES, LLC"
SIBN,"SI BONE INCCOM","CITADEL SECURITIES LLC"
SIEB,"SIEBERT FINL CORPCOM","SUSQUEHANNA SECURITIES, LLC"
SIG,"SIGNET JEWELERS LTD","SUSQUEHANNA SECURITIES, LLC"
SII,"SPROTT INCCOM NEW","WOLVERINE TRADING, LLC"
SILA,"SILA REALTY TRUST INCCOMMON STOCK","CITADEL SECURITIES LLC"
SILJ,"Amplify Junior Silver Miners ETF","IMC-CHICAGO, LLC"
SIRI,"SiriusXM Holdings Inc.","SUSQUEHANNA SECURITIES, LLC"
SITC,"SITE CENTERS CORP.","CITADEL SECURITIES LLC"
SITE,"SITEONE LANDSCAPE SUPPLY INCCOM","SIMPLEX TRADING, LLC"
SITM,"SITIME CORPCOM","CITADEL SECURITIES LLC"
SIZE,"iShares MSCI USA Size Factor ETF","CITADEL SECURITIES LLC"
SJM,"SMUCKERS J M NEW","SUSQUEHANNA SECURITIES, LLC"
SKE,"SKEENA RES LTD NEWCOM","SIMPLEX TRADING, LLC"
SKF,"PROSHARES ULTRASHORT FINANCIALS","CITADEL SECURITIES LLC"
SKIN,"The Beauty Health Company","CITADEL SECURITIES LLC"
SKLZ,"Skillz Inc. Class A","CITADEL SECURITIES LLC"
SKT,"TANGER FACTORY OUT","CITADEL SECURITIES LLC"
SKX,"SKECHERS USA INC","SUSQUEHANNA SECURITIES, LLC"
SKYE,"SKYE BIOSCIENCE INCCOM NEW","BELVEDERE TRADING LLC"
SKYH,"Sky Harbour Group Corporation","WOLVERINE TRADING, LLC"
SKYT,"SKYWATER TECHNOLOGY INCCOM","CITADEL SECURITIES LLC"
SLAB,"SILICON LABS INC","CITADEL SECURITIES LLC"
SLB,"SCHLUMBERGER LTD","CITADEL SECURITIES LLC"
SLDB,"SOLID BIOSCIENCES INCCOM","BELVEDERE TRADING LLC"
SLDE,"SLIDE INS HLDGS INCCOM","CITADEL SECURITIES LLC"
SLDP,"Solid Power, Inc.","CITADEL SECURITIES LLC"
SLG,"SL GREEN RLTY CORP","CITADEL SECURITIES LLC"
SLI,"STANDARD LITHIUM LTDCOM","CITADEL SECURITIES LLC"
SLM,"SLM CORPORATION","CITADEL SECURITIES LLC"
SLN,"SILENCE THERAPEUTICS PLCADS","CITADEL SECURITIES LLC"
SLNO,"SOLENO THERAPEUTICS INCCOM NEW","SUSQUEHANNA SECURITIES, LLC"
SLP,"SIMULATIONS PLUS INCCOM","WOLVERINE TRADING, LLC"
SLS,"SELLAS LIFE SCIENCES GROUP ICOM NEW","SUSQUEHANNA SECURITIES, LLC"
SLV,"ISHARES SILVER TRUST","WOLVERINE TRADING, LLC"
SLVM,"SYLVAMO CORPCOMMON STOCK","CITADEL SECURITIES LLC"
SM,"SM Energy Company","CITADEL SECURITIES LLC"
SMBC,"SOUTHERN MO BANCORP INCCOM","CITADEL SECURITIES LLC"
SMCI,"SUPER MICRO COMPUTER INCCOM","IMC-CHICAGO, LLC"
SMCX,"TIDAL TR IIDEF DT2XL SMCI","IMC-CHICAGO, LLC"
SMCY,"TIDAL TR IIYIELDMAX SMCI","IMC-CHICAGO, LLC"
SMFG,"SUMITOMO MITSUI FIN","CITADEL SECURITIES LLC"
SMG,"SCOTTS MIRACLE-GR CO","WOLVERINE TRADING, LLC"
SMH,"VANECK VECTORS SEMIS","CITADEL SECURITIES LLC"
SMLL,"HARBOR ETF TRUSTACTIVE SMALL CAP","SIMPLEX TRADING, LLC"
SMLR,"SEMLER SCIENTIFIC INCCOM","WOLVERINE TRADING, LLC"
SMMT,"Summit Therapeutics Inc.","SUSQUEHANNA SECURITIES, LLC"
SMR,"NuScale Power Corporation (","SUSQUEHANNA SECURITIES, LLC"
SMRT,"SmartRent, Inc.","CITADEL SECURITIES LLC"
SMSI,"SMITH MICRO SOFTWARE INC","WOLVERINE TRADING, LLC"
SMST,"Tidal Trust II Defiance Daily Target 2x Short MS","CITADEL SECURITIES LLC"
SMWB,"SIMILARWEB LTDSHS","CITADEL SECURITIES LLC"
SN,"SHARKNINJA INCCOM SHS","SIMPLEX TRADING, LLC"
SNA,"SNAP ON INC","CITADEL SECURITIES LLC"
SNAP,"SNAP Inc.","CITADEL SECURITIES LLC"
SNBR,"SLEEP NUMBER CORP","WOLVERINE TRADING, LLC"
SNCR,"SYNCHRONOSS TECHNOLOGIES INCCOM","SUSQUEHANNA SECURITIES, LLC"
SNCY,"SUN CTRY AIRLS HLDGS INCCOM","CITADEL SECURITIES LLC"
SND,"SMART SAND INCCOM","CITADEL SECURITIES LLC"
SNDK,"SANDISK CORPCOM","SUSQUEHANNA SECURITIES, LLC"
SNDL,"SNDL Inc","CITADEL SECURITIES LLC"
SNDR,"SCHNEIDER NATIONAL INCCL B","WOLVERINE TRADING, LLC"
SNN,"SMITH&NEPHEW PLC NEW","CITADEL SECURITIES LLC"
SNOW,"SNOWFLAKE INCCL A","IMC-CHICAGO, LLC"
SNPS,"SYNOPSYS, INC.","IMC-CHICAGO, LLC"
SNV,"SYNOVUS FINL CP","CITADEL SECURITIES LLC"
SNX,"SYNNEX CORP","CITADEL SECURITIES LLC"
SNY,"Sanofi","CITADEL SECURITIES LLC"
SO,"SOUTHERN CO","IMC-CHICAGO, LLC"
SOC,"Sable Offshore Corp.","IMC-CHICAGO, LLC"
SOFI,"SoFi Technologies, Inc","WOLVERINE TRADING, LLC"
SOFX,"TIDAL TR IIDEFIANCE DAILY","IMC-CHICAGO, LLC"
SOGP,"Sound Group Inc.","SUSQUEHANNA SECURITIES, LLC"
SOHU,"SOHU.COM INC","SUSQUEHANNA SECURITIES, LLC"
SOL,"RENESOLA LTDSPONS ADS","WOLVERINE TRADING, LLC"
SOLT,"VOLATILITY SHS TR2X SOLANA ETF","JANE STREET OPTIONS, LLC"
SOLV,"SOLVENTUM CORPCOM SHS","IMC-CHICAGO, LLC"
SOLZ,"VOLATILITY SHS TRSOLANA ETF","IMC-CHICAGO, LLC"
SOND,"Sonder Holdings Inc.","CITADEL SECURITIES LLC"
SONO,"SONOS, INC.","WOLVERINE TRADING, LLC"
SONY,"Sony Group Corporation","WOLVERINE TRADING, LLC"
SOPH,"SOPHIA GENETICS SAORDINARY SHARES","CITADEL SECURITIES LLC"
SOUN,"SOUNDHOUND AI INCCLASS A COM","SUSQUEHANNA SECURITIES, LLC"
SOXL,"DXN DLY SCOND 3X BL","IMC-CHICAGO, LLC"
SOXS,"DXN DLY SCOND 3X BR","CITADEL SECURITIES LLC"
SOXY,"TIDAL TR IIYIELDMAX TARGET","SIMPLEX TRADING, LLC"
SPB,"SPECTRUM BRANDS HLDG","CITADEL SECURITIES LLC"
SPCE,"Virgin Galactic Holdings, Inc.","CITADEL SECURITIES LLC"
SPCX,"COLLABORATIVE INVESTMNT SERTHE SPAC AND NEW","CITADEL SECURITIES LLC"
SPFI,"SOUTH PLAINS FINANCIAL INCCOM","BELVEDERE TRADING LLC"
SPG,"SIMON PPTY GRP INC","IMC-CHICAGO, LLC"
SPGI,"S&P Global Inc.","CITADEL SECURITIES LLC"
SPHR,"Sphere Entertainment Co.","CITADEL SECURITIES LLC"
SPIR,"Spire Global, Inc","SUSQUEHANNA SECURITIES, LLC"
SPLG,"SPDR Portfolio S&P 500 ETF","CITADEL SECURITIES LLC"
SPMV,"INVESCO S&P 500 MINIMUM VARIANCE ETF","SIMPLEX TRADING, LLC"
SPOT,"Spotify Technology SA","IMC-CHICAGO, LLC"
SPR,"SPIRIT AEROSYSTEMS H","WOLVERINE TRADING, LLC"
SPRU,"Spruce Power Holding Corporation","CITADEL SECURITIES LLC"
SPRY,"ARS Pharmaceuticals, Inc.","CITADEL SECURITIES LLC"
SPT,"SPROUT SOCIAL INCCOM CL A","WOLVERINE TRADING, LLC"
SPTL,"SPDR Portfolio Long Term Treasury ETF","IMC-CHICAGO, LLC"
SPTN,"SpartanNash Company","CITADEL SECURITIES LLC"
SPWH,"SPORTSMAN'S WAREH CM","CITADEL SECURITIES LLC"
SPXC,"SPX CORPORATION","WOLVERINE TRADING, LLC"
SPXL,"DIREXION S&P BULL 3X","IMC-CHICAGO, LLC"
SPXS,"DIREXION S&P500 BEAR","IMC-CHICAGO, LLC"
SPXU,"PROSHARES","IMC-CHICAGO, LLC"
SPY,"SPDR S&P 500 ETF TRUST","IMC-CHICAGO, LLC"
SPYQ,"INVESTMENT MANAGERS SER TR ITRADR 2X LNG SPY","BELVEDERE TRADING LLC"
SPYT,"TIDAL TR IIDEFIANCE S&P 500","CITADEL SECURITIES LLC"
SQM,"SOCIEDAD DE CHILE SC","WOLVERINE TRADING, LLC"
SQNS,"Sequans Communications S.A.","BELVEDERE TRADING LLC"
SQQQ,"PROSHRES ULTRPR SH Q","IMC-CHICAGO, LLC"
SRAD,"SPORTRADAR GROUP AGCLASS A ORD SHS","CITADEL SECURITIES LLC"
SRCE,"1ST SOURCE CORP","CITADEL SECURITIES LLC"
SRE,"SEMPRA ENERGY","CITADEL SECURITIES LLC"
SRL,"SCULLY ROYALTY LTDCOM SHS","WOLVERINE TRADING, LLC"
SRPT,"SAREPTA THERAPEUTICS","CITADEL SECURITIES LLC"
SRRK,"SCHOLAR ROCK HLDG CORPCOM","CITADEL SECURITIES LLC"
SRS,"PROSHARES ULTRASHORT REAL ESTATE","CITADEL SECURITIES LLC"
SRTA,"Strata Critical Medical, Inc.","WOLVERINE TRADING, LLC"
SRTS,"SENSUS HEALTHCARE INCCOM","WOLVERINE TRADING, LLC"
SSO,"PROSHARES ULTRA S&P500","CITADEL SECURITIES LLC"
SSRM,"SSR MINING INC","CITADEL SECURITIES LLC"
SSSS,"SuRo Capital Corporation","SUSQUEHANNA SECURITIES, LLC"
SSTI,"SoundThinking, Inc.","CITADEL SECURITIES LLC"
SSTK,"SHUTTERSTOCK, INC.","CITADEL SECURITIES LLC"
SSYS,"STRATASYS, LTD.","SUSQUEHANNA SECURITIES, LLC"
ST,"SENSATA TECH HOLDING","CITADEL SECURITIES LLC"
STAA,"STAAR SURGICAL CO","WOLVERINE TRADING, LLC"
STEM,"Stem, Inc.","WOLVERINE TRADING, LLC"
STHO,"STAR HLDGSSHS BEN INT","CITADEL SECURITIES LLC"
STIM,"NEURONETICS INCCOM","CITADEL SECURITIES LLC"
STKL,"SUNOPTA INC","CITADEL SECURITIES LLC"
STKS,"THE ONE GROUP HOSPITALITY INCOM","CITADEL SECURITIES LLC"
STLA,"Stellantis N.V","SUSQUEHANNA SECURITIES, LLC"
STLD,"STEEL DYNAMICS INC","CITADEL SECURITIES LLC"
STM,"STMICROELECTRONICS N V","CITADEL SECURITIES LLC"
STNE,"STONECO LTDCOM CL A","CITADEL SECURITIES LLC"
STNG,"Scorpio Tankers Inc.","CITADEL SECURITIES LLC"
STOK,"STOKE THERAPEUTICS INCCOM","CITADEL SECURITIES LLC"
STRV,"EA SERIES TRUSTSTRIVE 500 ETF","WOLVERINE TRADING, LLC"
STRZ,"Starz Entertainment Corporation","CITADEL SECURITIES LLC"
STT,"STATE STREET CP","SUSQUEHANNA SECURITIES, LLC"
STTK,"SHATTUCK LABS INCCOM","CITADEL SECURITIES LLC"
STVN,"STEVANATO GROUP S P AORD SHS","CITADEL SECURITIES LLC"
STWD,"STARWOOD PROPERTY TR","CITADEL SECURITIES LLC"
STX,"SEAGATE TECH ORD SHS","WOLVERINE TRADING, LLC"
STXS,"Stereotaxis Inc","CITADEL SECURITIES LLC"
STZ,"CONSTELLATION BRD A","SUSQUEHANNA SECURITIES, LLC"
SU,"SUNCOR ENERGY INC","WOLVERINE TRADING, LLC"
SUIG,"Sui Group Holdings Limited","SIMPLEX TRADING, LLC"
SUN,"Sunoco LP","CITADEL SECURITIES LLC"
SUPN,"SUPERNUS PHARM","CITADEL SECURITIES LLC"
SUPV,"GRUPO SUPERVIELLE S ASPONSORED ADR","CITADEL SECURITIES LLC"
SURG,"SURGEPAYS INCCOM NEW","CITADEL SECURITIES LLC"
SUZ,"SUZANO S ASPON ADS","CITADEL SECURITIES LLC"
SVC,"Service Properties Trust","WOLVERINE TRADING, LLC"
SVIX,"1X SHORT VIX FUTURES ETF","SUSQUEHANNA SECURITIES, LLC"
SVM,"SILVERCORP METALS INCCOM","CITADEL SECURITIES LLC"
SVOL,"SIMPLIFY EXCHANGE TRADED FUNVOLATILITY PREM","IMC-CHICAGO, LLC"
SVV,"SAVERS VALUE VLG INCCOM","WOLVERINE TRADING, LLC"
SVXY,"PROSHARES SHORT VIX SHORT-TERM FUTURES ETF","SUSQUEHANNA SECURITIES, LLC"
SW,"Smurfit WestRock plc","IMC-CHICAGO, LLC"
SWAN,"AMPLIFY ETF TRBLACKSWAN GRWT","CITADEL SECURITIES LLC"
SWBI,"Smith & Wesson Brands, Inc","CITADEL SECURITIES LLC"
SWIM,"LATHAM GROUP INCCOM","CITADEL SECURITIES LLC"
SWK,"STANLEY BLACK & DCKR","CITADEL SECURITIES LLC"
SWKS,"SKYWORKS SOLUTIONS","IMC-CHICAGO, LLC"
SXC,"SUNCOKE ENERGY, INC","CITADEL SECURITIES LLC"
SY,"SO YOUNG INTERNATIONAL INCSPONSORED ADS","CITADEL SECURITIES LLC"
SYBT,"STOCK YDS BANCORP INCCOM","SUSQUEHANNA SECURITIES, LLC"
SYF,"Synchrony Financial","CITADEL SECURITIES LLC"
SYK,"STRYKER CP","CITADEL SECURITIES LLC"
SYM,"Symbotic Inc.","SUSQUEHANNA SECURITIES, LLC"
SYNA,"SYNAPTICS INC","CITADEL SECURITIES LLC"
SYRE,"Spyre Therapeutics, Inc.","BELVEDERE TRADING LLC"
SYY,"SYSCO CP","CITADEL SECURITIES LLC"
SZK,"PROSHARES TRPSHS CONSUMR GD","BELVEDERE TRADING LLC"
T,"AT&T INCCOM","WOLVERINE TRADING, LLC"
TAC,"TRANSALTA CORPCOM","CITADEL SECURITIES LLC"
TAK,"Takeda Pharmaceutical Co Ltd","CITADEL SECURITIES LLC"
TAL,"TAL EDUCATION GROUP","IMC-CHICAGO, LLC"
TALK,"Talkspace, Inc.","WOLVERINE TRADING, LLC"
TALO,"Talos Energy, Inc.","CITADEL SECURITIES LLC"
TAP,"Molson Coors Beverage Company","SUSQUEHANNA SECURITIES, LLC"
TARA,"Protara Therapeutics, Inc.","CITADEL SECURITIES LLC"
TARK,"INVESTMENT MANAGERS SER TR IAXS 2X INNOVATN","CITADEL SECURITIES LLC"
TARS,"TARSUS PHARMACEUTICALS INCCOM","SIMPLEX TRADING, LLC"
TASK,"TASKUS INCCLASS A COM","WOLVERINE TRADING, LLC"
TBBB,"BBB FOODS INCCL A COM","SUSQUEHANNA SECURITIES, LLC"
TBCH,"TURTLE BEACH CORPCOM NEW","SUSQUEHANNA SECURITIES, LLC"
TBHC,"The Brand House Collective, Inc.","SUSQUEHANNA SECURITIES, LLC"
TBIL,"THE RBB FUND, INC. US TREASURY 3 MONTH BILL ETF","BELVEDERE TRADING LLC"
TBLA,"Taboola.com Ltd.","BELVEDERE TRADING LLC"
TBT,"PROSHARES ULTRASHORT 20+ YEAR TREASURY","SUSQUEHANNA SECURITIES, LLC"
TCBI,"TEXAS CAPITAL BNCSH","CITADEL SECURITIES LLC"
TCOM,"TRIP.COM GROUP LIMITED ADS","WOLVERINE TRADING, LLC"
TD,"TORONTO DOMINION","WOLVERINE TRADING, LLC"
TDC,"TERADATA CORP","CITADEL SECURITIES LLC"
TDG,"TRANSDIGM GRP INC","CITADEL SECURITIES LLC"
TDOC,"TELADOC HEALTH, INC.","WOLVERINE TRADING, LLC"
TDUP,"THREDUP INCCL A","WOLVERINE TRADING, LLC"
TDW,"Tidewater, Inc.","SIMPLEX TRADING, LLC"
TE,"T1 Energy Inc.","SUSQUEHANNA SECURITIES, LLC"
TEAD,"Teads Holding Co.","WOLVERINE TRADING, LLC"
TEAM,"ATLASSIAN CLS A ORD","IMC-CHICAGO, LLC"
TECK,"TECK RESOURCES CL B","SUSQUEHANNA SECURITIES, LLC"
TECL,"DAILY TECH BULL 3X","SUSQUEHANNA SECURITIES, LLC"
TECX,"Tectonic Therapeutic, Inc.","BELVEDERE TRADING LLC"
TEL,"TE CONNECTIVITY LTD","CITADEL SECURITIES LLC"
TELA,"TELA BIO INCCOM","BELVEDERE TRADING LLC"
TEM,"TEMPUS AI INCCL A","WOLVERINE TRADING, LLC"
TEN,"TSAKOS ENERGY NAVIG","CITADEL SECURITIES LLC"
TER,"TERADYNE INC","WOLVERINE TRADING, LLC"
TERN,"TERNS PHARMACEUTICALS INCCOM","CITADEL SECURITIES LLC"
TEVA,"TEVA PHARM INDS LTD","IMC-CHICAGO, LLC"
TEX,"TEREX CP","CITADEL SECURITIES LLC"
TFC,"Truist Financial Corporation","SUSQUEHANNA SECURITIES, LLC"
TFII,"TFI INTL INCCOM","SIMPLEX TRADING, LLC"
TFIN,"TRIUMPH Financial, Inc","SUSQUEHANNA SECURITIES, LLC"
TFPM,"TRIPLE FLAG PRECIOUS METALCOM","BELVEDERE TRADING LLC"
TFSL,"TFS FINANCIAL CORP.","CITADEL SECURITIES LLC"
TGB,"TASEKO MINES LTD","WOLVERINE TRADING, LLC"
TGEN,"TECOGEN INC NEWCOM NEW","WOLVERINE TRADING, LLC"
TGLS,"TECNOGLASS INCSHS","CITADEL SECURITIES LLC"
TGNA,"TEGNA Inc.","CITADEL SECURITIES LLC"
TGT,"TARGET CP","WOLVERINE TRADING, LLC"
TGTX,"TG THERAPEUTICSCMN","CITADEL SECURITIES LLC"
TH,"TARGET HOSPITALITY CORPCOM","WOLVERINE TRADING, LLC"
THC,"TENET HLTHCRE CP","CITADEL SECURITIES LLC"
THFF,"FIRST FINL CORP INDCOM","CITADEL SECURITIES LLC"
THO,"THOR INDS INC","CITADEL SECURITIES LLC"
THRM,"GENTHERM INC CMN","CITADEL SECURITIES LLC"
THRY,"THRYV HLDGS INCCOM NEW","SUSQUEHANNA SECURITIES, LLC"
THTX,"THERATECHNOLOGIES INCCOM","CITADEL SECURITIES LLC"
TIC,"Acuren Corporation","SUSQUEHANNA SECURITIES, LLC"
TIGO,"MILLICOM INTL CELLULAR S ACOM STK","CITADEL SECURITIES LLC"
TIGR,"UP FINTECH HLDG LTDSPONSORED ADS","WOLVERINE TRADING, LLC"
TINT,"PROSHARES TRSMART MATLS ETF","SIMPLEX TRADING, LLC"
TINY,"PROSHARES TRNANOTECH ETF","BELVEDERE TRADING LLC"
TIP,"ISHARES  TIP","SUSQUEHANNA SECURITIES, LLC"
TIPT,"TIPTREE INCCOM","CITADEL SECURITIES LLC"
TITN,"TITAN MACHINERY INC.","WOLVERINE TRADING, LLC"
TIXT,"TELUS INTL CDA INCSUB VTG SHS","BELVEDERE TRADING LLC"
TJX,"T J X COS INC","SUSQUEHANNA SECURITIES, LLC"
TK,"TEEKAY CORP","CITADEL SECURITIES LLC"
TKNO,"ALPHA TEKNOVA INCCOM","CITADEL SECURITIES LLC"
TKO,"TKO Group Holdings, Inc.","SUSQUEHANNA SECURITIES, LLC"
TKR,"TIMKEN CO","CITADEL SECURITIES LLC"
TLN,"TALEN ENERGY CORPCOM","IMC-CHICAGO, LLC"
TLPH,"Talphera, Inc.","SUSQUEHANNA SECURITIES, LLC"
TLRY,"TILRAY INC.","CITADEL SECURITIES LLC"
TLS,"TELOS CORP MDCOM","WOLVERINE TRADING, LLC"
TLT,"ISHARES  20","IMC-CHICAGO, LLC"
TM,"TOYOTA MTR CP ADS","SUSQUEHANNA SECURITIES, LLC"
TMC,"TMC the metals company Inc.","SUSQUEHANNA SECURITIES, LLC"
TMCI,"TREACE MED CONCEPTS INCCOM","CITADEL SECURITIES LLC"
TMDX,"TRANSMEDICS GROUP INCCOM","CITADEL SECURITIES LLC"
TME,"TENCENT MUSIC ENTMT GROUPSPON ADS","IMC-CHICAGO, LLC"
TMF,"DIREXION DAILY 20 YR","WOLVERINE TRADING, LLC"
TMO,"THERMO FISHER SCIENT","IMC-CHICAGO, LLC"
TMP,"TOMPKINS FINANCIAL CORPORATICOM","SIMPLEX TRADING, LLC"
TMUS,"T-MOBILE US CMN","WOLVERINE TRADING, LLC"
TMV,"DIREXION DAILY 20-YE","SUSQUEHANNA SECURITIES, LLC"
TNA,"SMALL CAP BULL 3X","SUSQUEHANNA SECURITIES, LLC"
TNET,"TRINET GROUP, INC.","SUSQUEHANNA SECURITIES, LLC"
TNGX,"TANGO THERAPEUTICS INCCOM","SIMPLEX TRADING, LLC"
TNK,"TEEKAY TANKERS CL A","CITADEL SECURITIES LLC"
TNL,"Travel + Leisure Co.","SUSQUEHANNA SECURITIES, LLC"
TNYA,"TENAYA THERAPEUTICS INCCOM","SUSQUEHANNA SECURITIES, LLC"
TOI,"THE ONCOLOGY INSTITUTE INCCOM","WOLVERINE TRADING, LLC"
TOL,"TOLL BROTHERS INC","CITADEL SECURITIES LLC"
TOON,"Kartoon Studios Inc.","SUSQUEHANNA SECURITIES, LLC"
TORO,"TORO CORPCOM","WOLVERINE TRADING, LLC"
TOST,"TOAST INCCL A","IMC-CHICAGO, LLC"
TPB,"TURNING PT BRANDS INCCOM","BELVEDERE TRADING LLC"
TPG,"TPG INCCOM CL A","CITADEL SECURITIES LLC"
TPH,"TRI POINTE GROUP, IN","CITADEL SECURITIES LLC"
TPL,"TEXAS PACIFIC LAND CORPORATICOM","WOLVERINE TRADING, LLC"
TPR,"TAPESTRY, INC.","SUSQUEHANNA SECURITIES, LLC"
TPVG,"TRIPLEPOINT VENTURE GROWTH BCOM","WOLVERINE TRADING, LLC"
TQQQ,"PROSHARES ULTRAPRO QQQ","WOLVERINE TRADING, LLC"
TR,"TOOTSIE ROLL INDS INCCOM","SUSQUEHANNA SECURITIES, LLC"
TRDA,"ENTRADA THERAPEUTICS INCCOM","BELVEDERE TRADING LLC"
TREX,"TREX CO INC","SUSQUEHANNA SECURITIES, LLC"
TRFK,"PACER FDS TRDATA & DIGI REVO","IMC-CHICAGO, LLC"
TRGP,"TARGA RESOURCES INC","CITADEL SECURITIES LLC"
TRIN,"TRINITY CAP INCCOM","CITADEL SECURITIES LLC"
TRIP,"TRIPADVISOR, INC.","CITADEL SECURITIES LLC"
TRMB,"TRIMBLE INC.","WOLVERINE TRADING, LLC"
TRMD,"TORM PLC","SUSQUEHANNA SECURITIES, LLC"
TRML,"TOURMALINE BIO INCCOM","BELVEDERE TRADING LLC"
TRN,"TRINITY IND","CITADEL SECURITIES LLC"
TRNS,"TRANSCAT INCCOM","CITADEL SECURITIES LLC"
TRON,"Tron Inc.","CITADEL SECURITIES LLC"
TROO,"TROOPS, Inc.","BELVEDERE TRADING LLC"
TROW,"T ROWE PRICE GROUP","WOLVERINE TRADING, LLC"
TROX,"TRONOX HOLDINGS PLC","CITADEL SECURITIES LLC"
TRP,"TC ENERGY CORPORATION","CITADEL SECURITIES LLC"
TRTX,"TPG RE FIN TR INCCOM","WOLVERINE TRADING, LLC"
TRUE,"TRUECAR INC CMN","CITADEL SECURITIES LLC"
TRUP,"TRUPANION INCCOM","WOLVERINE TRADING, LLC"
TRV,"THE TRAVELERS CO","WOLVERINE TRADING, LLC"
TRVG,"TRIVAGO N VSPON ADS A SHS","CITADEL SECURITIES LLC"
TRVI,"TREVI THERAPEUTICS INCCOM","CITADEL SECURITIES LLC"
TS,"TENARIS S.A ADS","CITADEL SECURITIES LLC"
TSBK,"TIMBERLAND BANCORP INCCOM","SUSQUEHANNA SECURITIES, LLC"
TSCO,"TRACTOR SUPPLY CO","WOLVERINE TRADING, LLC"
TSDD,"GRANITESHARES ETF TR1.5X SHORT TSLA","IMC-CHICAGO, LLC"
TSEM,"TOWER SEMICONDUCTOR","SUSQUEHANNA SECURITIES, LLC"
TSHA,"TAYSHA GENE THERAPIES INCCOM SHS","CITADEL SECURITIES LLC"
TSL,"GRANITESHARES 1.25X LONG TSLA DAILY ETF","SIMPLEX TRADING, LLC"
TSLA,"TESLA, INC.","OPTIVER US LLC"
TSLG,"THEMES ETF TRLEVERAGE SHARES","JANE STREET OPTIONS, LLC"
TSLL,"DIREXION DAILY TSLA BULL 1.5X SHARES","CITADEL SECURITIES LLC"
TSLQ,"Investment Mngr Series Trust II Tradr 2XShort TS","CITADEL SECURITIES LLC"
TSLR,"GRANITESHARES ETF TR1.75X LONG TSLA","CITADEL SECURITIES LLC"
TSLS,"DIREXDIREXION DAILY TSLA BEAR 1X SHARES","CITADEL SECURITIES LLC"
TSLT,"ETF OPPORTUNITIES TRUSTT REX 2X LONG","BELVEDERE TRADING LLC"
TSLY,"TIDAL ETF TR IITSLA OPTION INCM","IMC-CHICAGO, LLC"
TSLZ,"ETF OPPORTUNITIES TRUSTT-REX 2X INVERSE","SIMPLEX TRADING, LLC"
TSM,"TAIWAN SEMICOND ADS","CITADEL SECURITIES LLC"
TSN,"TYSON FOODS INC CL A","SUSQUEHANNA SECURITIES, LLC"
TSSI,"TSS INC","WOLVERINE TRADING, LLC"
TT,"Trane Technologies plc","CITADEL SECURITIES LLC"
TTAN,"SERVICETITAN INCSHS CL A","CITADEL SECURITIES LLC"
TTD,"THE TRADE DESK CL A","IMC-CHICAGO, LLC"
TTE,"TotalEnergies SE","CITADEL SECURITIES LLC"
TTEK,"TETRA TECH INC NEW","WOLVERINE TRADING, LLC"
TTWO,"TAKE-TWO INTERACTI","IMC-CHICAGO, LLC"
TUA,"SIMPLIFY EXCHANGE TRADED FUNSHORT TERM TREA","BELVEDERE TRADING LLC"
TV,"TELVISA S.A.","CITADEL SECURITIES LLC"
TVTX,"Travere Therapeutics, Inc","CITADEL SECURITIES LLC"
TW,"TRADEWEB MARKETS INC","CITADEL SECURITIES LLC"
TWI,"TITAN INTL INC","WOLVERINE TRADING, LLC"
TWLO,"TWILIO INC. CL A","IMC-CHICAGO, LLC"
TWO,"TWO HARBORS INVT CP","WOLVERINE TRADING, LLC"
TWST,"TWIST BIOSCIENCE CORPCOM","CITADEL SECURITIES LLC"
TX,"TERNIUM S.A. ADS","CITADEL SECURITIES LLC"
TXG,"10X GENOMICS INCCL A COM","SUSQUEHANNA SECURITIES, LLC"
TXMD,"THERAPEUTICSMD INC","CITADEL SECURITIES LLC"
TXN,"TEXAS INSTRUMENTS","WOLVERINE TRADING, LLC"
TXRH,"TEXAS ROADHOUSE, INC","CITADEL SECURITIES LLC"
TXT,"TEXTRON INC","CITADEL SECURITIES LLC"
TYRA,"TYRA BIOSCIENCES INCCOM","CITADEL SECURITIES LLC"
TZA,"SMALL CAP BEAR 3X","CITADEL SECURITIES LLC"
U,"UNITY SOFTWARE INCCOM","IMC-CHICAGO, LLC"
UA,"UNDER ARMOUR C","CITADEL SECURITIES LLC"
UAA,"UNDER ARMOUR INC","IMC-CHICAGO, LLC"
UAL,"UNITED AIRLINES HOLDINGS,  INC.","IMC-CHICAGO, LLC"
UAMY,"UNITED STATES ANTIMONY CORPCOM","SUSQUEHANNA SECURITIES, LLC"
UBER,"UBER TECHNOLOGIES INCCOM","IMC-CHICAGO, LLC"
UBFO,"UNITED SEC BANCSHARES CALIFCOM","BELVEDERE TRADING LLC"
UBRL,"GRANITESHARES ETF TR2X LONG UBER","IMC-CHICAGO, LLC"
UCC,"PROSHARES TRPSHS CONSMR SVCS","BELVEDERE TRADING LLC"
UCO,"PROSHARES ULTRA BLOOMBERG CRUDE OIL","CITADEL SECURITIES LLC"
UCTT,"ULTRA CLEAN HOLDINGS","CITADEL SECURITIES LLC"
UCYB,"PROSHARES TRULTRA CYBRSCURTY","BELVEDERE TRADING LLC"
UDMY,"UDEMY INCCOM","CITADEL SECURITIES LLC"
UEC,"URANIUM ENERGY CORP","WOLVERINE TRADING, LLC"
UFO,"PROCURE ETF TRUST IISPACE ETF","SUSQUEHANNA SECURITIES, LLC"
UGE,"PROSHARES TRPSHS CONSMRGOODS","BELVEDERE TRADING LLC"
UGI,"U G I CP","WOLVERINE TRADING, LLC"
UGRO,"URBAN-GRO INCCOM NEW","CITADEL SECURITIES LLC"
UHS,"UNIVERSAL HLTH SVC B","CITADEL SECURITIES LLC"
UIS,"UNISYS CP NEW","CITADEL SECURITIES LLC"
UL,"UNILEVER PLC AMER","IMC-CHICAGO, LLC"
ULCC,"FRONTIER GROUP HLDGS INCCOM","WOLVERINE TRADING, LLC"
ULS,"UL SOLUTIONS INCCLASS A COM SHS","WOLVERINE TRADING, LLC"
ULTA,"ULTA BEAUTY, INC.","WOLVERINE TRADING, LLC"
ULTY,"TIDAL TR IIYIELDMAX ULTRA O","CITADEL SECURITIES LLC"
UMAC,"UNUSUAL MACHS INCCOM SHS","JANE STREET OPTIONS, LLC"
UNFI,"UNITED NATURAL FOODS INC.","CITADEL SECURITIES LLC"
UNG,"US NAT GAS FD ETF","SUSQUEHANNA SECURITIES, LLC"
UNH,"UNITEDHEALTH GROUP","WOLVERINE TRADING, LLC"
UNHG,"THEMES ETF TRLEVERAGE SHS 2X","SIMPLEX TRADING, LLC"
UNIT,"UNITI GROUP INC.","CITADEL SECURITIES LLC"
UNM,"UNUM GROUP","CITADEL SECURITIES LLC"
UNP,"UNION PACIFIC","CITADEL SECURITIES LLC"
UNTY,"UNITY BANCORP INCCOM","BELVEDERE TRADING LLC"
UONE,"URBAN ONE INCCL A","CITADEL SECURITIES LLC"
UONEK,"Urban One, Inc.","SUSQUEHANNA SECURITIES, LLC"
UP,"Wheels Up Experience Inc.","CITADEL SECURITIES LLC"
UPB,"UPSTREAM BIO INCCOM","BELVEDERE TRADING LLC"
UPBD,"RENT A CTR INC NEW","SUSQUEHANNA SECURITIES, LLC"
UPRO,"PROSHARES","CITADEL SECURITIES LLC"
UPS,"UNITED PARCEL SVC","WOLVERINE TRADING, LLC"
UPST,"UPSTART HLDGS INCCOM","CITADEL SECURITIES LLC"
UPW,"PROSHARES TRPSHS ULTRA UTIL","BELVEDERE TRADING LLC"
UPWK,"UPWORK INCCOM","CITADEL SECURITIES LLC"
UPXI,"UPEXI INCCOM","WOLVERINE TRADING, LLC"
URBN,"URBAN OUTFITTERS INC","CITADEL SECURITIES LLC"
URE,"PROSHARES ULTRA REAL ESTATE","CITADEL SECURITIES LLC"
URGN,"UROGEN PHARMA LTDCOM","CITADEL SECURITIES LLC"
URI,"UNITED RENTALS INC","IMC-CHICAGO, LLC"
URNJ,"SPROTT FDS TRJUNIOR URANIUM","WOLVERINE TRADING, LLC"
URNM,"NorthShore Global Uranium Mining ETF","CITADEL SECURITIES LLC"
UROY,"URANIUM RTY CORPCOM","CITADEL SECURITIES LLC"
USAC,"USA COMPRESSION PRTN","CITADEL SECURITIES LLC"
USAR,"USA Rare Earth, Inc.","IMC-CHICAGO, LLC"
USAU,"U S GOLD CORPCOM NEW","WOLVERINE TRADING, LLC"
USB,"US BANCORP","WOLVERINE TRADING, LLC"
USIO,"Usio, Inc.","CITADEL SECURITIES LLC"
USLM,"UNITED STS LIME & MINERALS ICOM","WOLVERINE TRADING, LLC"
USO,"U.S. OIL FUND  ETF","CITADEL SECURITIES LLC"
USOY,"TIDAL TR IIDEFIANCE OIL ENH","BELVEDERE TRADING LLC"
UTEN,"THE RBB FUND, INC. US TREASURY 10 YEAR NOTE ETF","BELVEDERE TRADING LLC"
UTHR,"UNITED THERAPEUTIC","CITADEL SECURITIES LLC"
UTHY,"The RBB Fund, Inc. - US Treasury 30 Year Bond ET","*** No LMM ***"
UTL,"UNITIL CORPCOM","WOLVERINE TRADING, LLC"
UTWO,"THE RBB FUND, INC. US TREASURY 2 YEAR NOTE ETF","BELVEDERE TRADING LLC"
UTWY,"The RBB Fund, Inc. - US Treasury 20 Year Bond ET","*** No LMM ***"
UTZ,"Utz Brands, Inc.","CITADEL SECURITIES LLC"
UUP,"INVESCO DB US DOLLAR INDEX BULLISH FUND","WOLVERINE TRADING, LLC"
UUUU,"ENERGY FUELS INCCOM NEW","CITADEL SECURITIES LLC"
UVE,"UNIVERSAL INSUR HLDG","CITADEL SECURITIES LLC"
UVIX,"2X LONG VIX FUTURES ETF","SUSQUEHANNA SECURITIES, LLC"
UVXY,"PROSHARES ULTRA VIX SHORT-TERM FUTURES ETF","CITADEL SECURITIES LLC"
UWMC,"UWM Holdings Corporation","CITADEL SECURITIES LLC"
UYG,"PROSHARES ULTRA FINANCIALS","CITADEL SECURITIES LLC"
V,"VISA INC.","CITADEL SECURITIES LLC"
VAL,"Valaris Limited","CITADEL SECURITIES LLC"
VALE,"VALE S.A. ADS","CITADEL SECURITIES LLC"
VANI,"SECOND SIGHT MED PRODS INCCOM","SUSQUEHANNA SECURITIES, LLC"
VBTX,"VERITEX HLDGS INCCOM","SIMPLEX TRADING, LLC"
VC,"VISTEON CORPCOM NEW","SUSQUEHANNA SECURITIES, LLC"
VCLT,"VANGUARD LONG TERM CORPORATE BD ETF","CITADEL SECURITIES LLC"
VCTR,"VICTORY CAP HLDGS INCCOM CL A","SUSQUEHANNA SECURITIES, LLC"
VECO,"VEECO INSTRUMENT","WOLVERINE TRADING, LLC"
VEEV,"VEEVA SYSTEMS INC.","SUSQUEHANNA SECURITIES, LLC"
VEON,"VEON LTD. ADS","WOLVERINE TRADING, LLC"
VERA,"VERA THERAPEUTICS INCCL A","CITADEL SECURITIES LLC"
VERI,"VERITONE INCCOM","SUSQUEHANNA SECURITIES, LLC"
VERU,"Veru Inc.","CITADEL SECURITIES LLC"
VERX,"VERTEX INCCL A","CITADEL SECURITIES LLC"
VET,"VERMILION ENERGY INCCOM","CITADEL SECURITIES LLC"
VFC,"V F CP","WOLVERINE TRADING, LLC"
VFF,"VILLAGE FARMS INTL INCCOM","SUSQUEHANNA SECURITIES, LLC"
VFS,"VINFAST AUTO LTDSHS","SIMPLEX TRADING, LLC"
VG,"VENTURE GLOBAL INCCOM CL A","JANE STREET OPTIONS, LLC"
VGT,"VANGUARD WORLD FDSINF TECH ETF","SUSQUEHANNA SECURITIES, LLC"
VIAV,"VIAVI SOLUTIONS CMN","CITADEL SECURITIES LLC"
VIG,"VANGUARD DVND ETF","SUSQUEHANNA SECURITIES, LLC"
VIK,"VIKING HOLDINGS LTDORD SHS","IMC-CHICAGO, LLC"
VINP,"VINCI PARTNERS INVTS LTDCOM CL A","WOLVERINE TRADING, LLC"
VIPS,"VIPSHOP HOLDINGS LTD","SUSQUEHANNA SECURITIES, LLC"
VIR,"VIR BIOTECHNOLOGY INCCOM","CITADEL SECURITIES LLC"
VIRC,"VIRCO MFG COCOM","BELVEDERE TRADING LLC"
VIRT,"VIRTU FINANCIAL CM A","CITADEL SECURITIES LLC"
VIST,"VISTA OIL & GAS SAB DE CVSPONSORED ADS","CITADEL SECURITIES LLC"
VITL,"VITAL FARMS INCCOM","CITADEL SECURITIES LLC"
VIXY,"PROSHARES VIX SHORT-","SUSQUEHANNA SECURITIES, LLC"
VKTX,"Viking Therapeutics Inc","CITADEL SECURITIES LLC"
VLN,"Valens Semiconductor Ltd.","CITADEL SECURITIES LLC"
VLO,"VALERO ENERGY CP","IMC-CHICAGO, LLC"
VLTO,"VERALTO CORPCOM SHS","CITADEL SECURITIES LLC"
VMC,"VULCAN MATERIALS HC","CITADEL SECURITIES LLC"
VMD,"VIEMED HEALTHCARE INCCOM","CITADEL SECURITIES LLC"
VMEO,"VIMEO INCCOMMON STOCK","SUSQUEHANNA SECURITIES, LLC"
VNDA,"VANDA PHARMACEUTICALS INCCOM","CITADEL SECURITIES LLC"
VNET,"21VIANET GROUP, INC.","WOLVERINE TRADING, LLC"
VNO,"VORNADO REALTY TRUST","WOLVERINE TRADING, LLC"
VNRX,"VOLITIONRX LTDCOM","CITADEL SECURITIES LLC"
VOD,"VODAFONE GRP PLC ADS","CITADEL SECURITIES LLC"
VOOG,"VANGUARD ADMIRAL FDS INC500 GRTH IDX F","BELVEDERE TRADING LLC"
VOR,"VOR BIOPHARMA INCCOM","CITADEL SECURITIES LLC"
VOYA,"VOYA FINL, INC.","SUSQUEHANNA SECURITIES, LLC"
VOYG,"VOYAGER TECHNOLOGIES INCCOM CL A","CITADEL SECURITIES LLC"
VPLS,"VANGUARD MALVERN FDSCORE-PLUS BD ETF","WOLVERINE TRADING, LLC"
VRA,"VERA BRADLEY","CITADEL SECURITIES LLC"
VRAR,"GLIMPSE GROUP INCCOM","CITADEL SECURITIES LLC"
VRDN,"VIRIDIAN THERAPEUTICS INCCOM","CITADEL SECURITIES LLC"
VRNA,"VERONA PHARMA PLCSPONSORED ADS","SUSQUEHANNA SECURITIES, LLC"
VRRM,"Verra Mobility Corporation Class A","SUSQUEHANNA SECURITIES, LLC"
VRSK,"VERISK ANALYTICS INC","SUSQUEHANNA SECURITIES, LLC"
VRSN,"VERISIGN, INC.","WOLVERINE TRADING, LLC"
VRT,"VERTIV HOLDINGS COCOM CL A","SIMPLEX TRADING, LLC"
VRTX,"VERTEX PHARMACEUTIC","CITADEL SECURITIES LLC"
VSAT,"VIASAT INC","CITADEL SECURITIES LLC"
VSCO,"Victorias Secret & Co.","CITADEL SECURITIES LLC"
VSEC,"VSE CORP","CITADEL SECURITIES LLC"
VST,"Vistra Corporation","CITADEL SECURITIES LLC"
VSTM,"VERASTEM INCCOM","SUSQUEHANNA SECURITIES, LLC"
VSTS,"VESTIS CORPORATIONCOM SHS","WOLVERINE TRADING, LLC"
VTEX,"VTEXSHS CL A","CITADEL SECURITIES LLC"
VTGN,"VISTAGEN THERAPEUTICS INCCOM NEW","CITADEL SECURITIES LLC"
VTI,"VANGUARD TTL ETF","WOLVERINE TRADING, LLC"
VTLE,"Vital Energy, Inc","WOLVERINE TRADING, LLC"
VTOL,"BRISTOW GROUP INCCOM","CITADEL SECURITIES LLC"
VTR,"VENTAS INC","WOLVERINE TRADING, LLC"
VTRS,"Viatris Inc","CITADEL SECURITIES LLC"
VTS,"VITESSE ENERGY INCCOMMON STOCK","CITADEL SECURITIES LLC"
VTSI,"VIRTRA INCCOM PAR","BELVEDERE TRADING LLC"
VTWO,"VANGUARD RUSSELL 2000 ETF","CITADEL SECURITIES LLC"
VTYX,"VENTYX BIOSCIENCES INCCOM","CITADEL SECURITIES LLC"
VUZI,"VUZIX CORP CMN STK","WOLVERINE TRADING, LLC"
VVPR,"VIVOPOWER INTERNATIONAL PLCSHS","WOLVERINE TRADING, LLC"
VWO,"VANGRD FTSE EMRG","WOLVERINE TRADING, LLC"
VXX,"Ipath Series B S&P 500 Vix","CITADEL SECURITIES LLC"
VXZ,"Ipath Series B S&P 500 Vix  M/T","SUSQUEHANNA SECURITIES, LLC"
VYGR,"VOYAGER THERAPEUTICS INCCOM","CITADEL SECURITIES LLC"
VYX,"NCR Voyix Corporation","WOLVERINE TRADING, LLC"
VZ,"VERIZON COMMUN","CITADEL SECURITIES LLC"
W,"Wayfair Inc.","WOLVERINE TRADING, LLC"
WAB,"WESTINGHOUSE AIR BRA","CITADEL SECURITIES LLC"
WAL,"WESTERN ALNC BANCORP","CITADEL SECURITIES LLC"
WASH,"WASHINGTON TR BANCORPCOM","CITADEL SECURITIES LLC"
WAT,"WATERS CP","WOLVERINE TRADING, LLC"
WAY,"WAYSTAR HLDG CORPCOM","IMC-CHICAGO, LLC"
WB,"WEIBO CORP. ADS","WOLVERINE TRADING, LLC"
WBD,"Warner Bros. Discovery, Inc.","WOLVERINE TRADING, LLC"
WBTN,"WEBTOON ENTMT INCCOM","CITADEL SECURITIES LLC"
WCC,"WESCO INTL INC","CITADEL SECURITIES LLC"
WCN,"WASTE CONNECTIONS, I","CITADEL SECURITIES LLC"
WDAY,"WORKDAY INC CL A","IMC-CHICAGO, LLC"
WDC,"WESTERN DIGITAL CP","SUSQUEHANNA SECURITIES, LLC"
WDS,"Woodside Energy Group Limited","BELVEDERE TRADING LLC"
WDTE,"Defiance S&P 500 Enhanced Options & 0DTE Income","SIMPLEX TRADING, LLC"
WEAT,"TEUCRIUM COMMODITY TRWHEAT FD","CITADEL SECURITIES LLC"
WEAV,"WEAVE COMMUNICATIONS INCCOM","CITADEL SECURITIES LLC"
WEC,"WEC ENERGY GP, INC.","CITADEL SECURITIES LLC"
WELL,"Welltower Inc.","SUSQUEHANNA SECURITIES, LLC"
WEN,"WENDYS COMPANY (THE)","WOLVERINE TRADING, LLC"
WEST,"Westrock Coffee Company","SUSQUEHANNA SECURITIES, LLC"
WFC,"WELLS FARGO & CO NEW","CITADEL SECURITIES LLC"
WFG,"WEST FRASER TIMBER CO LTDCOM","CITADEL SECURITIES LLC"
WFRD,"WEATHERFORD INTL INCORD SHS","CITADEL SECURITIES LLC"
WGMI,"VALKYRIE ETF TRUST IIBITCOIN MINERS","SUSQUEHANNA SECURITIES, LLC"
WGO,"WINNEBAGO IND INC","CITADEL SECURITIES LLC"
WGS,"GeneDx Holdings Corporation","CITADEL SECURITIES LLC"
WH,"WYNDHAM HOTELS & RESORTS INCCOM","CITADEL SECURITIES LLC"
WHF,"WHITEHORSE FIN INCCOM","WOLVERINE TRADING, LLC"
WHR,"WHIRLPOOL CP","CITADEL SECURITIES LLC"
WHWK,"Whitehawk Therapeutics, Inc","CITADEL SECURITIES LLC"
WIMI,"WiMi Hologram Cloud Inc.","SUSQUEHANNA SECURITIES, LLC"
WING,"WINGSTOP INC. CMN","CITADEL SECURITIES LLC"
WISE,"THEMES ETF TRGENERATIVE ARTIF","BELVEDERE TRADING LLC"
WIX,"WIX.COM LTD.","IMC-CHICAGO, LLC"
WLDN,"WILLDAN GROUP INCCOM","CITADEL SECURITIES LLC"
WLK,"WESTLAKE CHEMICAL CO","SUSQUEHANNA SECURITIES, LLC"
WLY,"WILEY JOHN & SONS INC","SIMPLEX TRADING, LLC"
WM,"WASTE MGMT INC","CITADEL SECURITIES LLC"
WMB,"WILLIAMS COS","WOLVERINE TRADING, LLC"
WMS,"ADVANCED DRAIN SYS INC","SIMPLEX TRADING, LLC"
WMT,"WAL MART STORES","CITADEL SECURITIES LLC"
WNC,"WABASH NATL CP","CITADEL SECURITIES LLC"
WOLF,"Wolfspeed, Inc","WOLVERINE TRADING, LLC"
WOOD,"iShares Global Timber & Forestry ETF","WOLVERINE TRADING, LLC"
WOOF,"PETCO HEALTH & WELLNESS CO ICOM","CITADEL SECURITIES LLC"
WOW,"WIDEOPENWEST INCCOM","IMC-CHICAGO, LLC"
WPC,"W.P. CAREY INC.","CITADEL SECURITIES LLC"
WPM,"WHEATON PRECIOUS MTL","WOLVERINE TRADING, LLC"
WPRT,"WESTPORT FUEL SYSTEM","WOLVERINE TRADING, LLC"
WRAP,"WRAP TECHNOLOGIES INCCOM","SUSQUEHANNA SECURITIES, LLC"
WRBY,"WARBY PARKER INCCL A COM","CITADEL SECURITIES LLC"
WSC,"WillScot Mobile Mini Holdings Corporation","CITADEL SECURITIES LLC"
WSFS,"WSFS FINL CORPCOM","SIMPLEX TRADING, LLC"
WSM,"WILLIAMS SONOMA INC","SUSQUEHANNA SECURITIES, LLC"
WT,"WisdomTree, Inc.","CITADEL SECURITIES LLC"
WTAI,"WISDOMTREE TRARTIFICIAL INTEL","BELVEDERE TRADING LLC"
WTI,"W&T OFFSHORE, INC.","WOLVERINE TRADING, LLC"
WU,"WESTERN UNION COMPAN","WOLVERINE TRADING, LLC"
WULF,"TeraWulf Inc.","CITADEL SECURITIES LLC"
WW,"WW International, Inc.","CITADEL SECURITIES LLC"
WWR,"WESTWATER RES INCCOM NEW","SUSQUEHANNA SECURITIES, LLC"
WY,"WEYERHAEUSER CO","CITADEL SECURITIES LLC"
WYNN,"WYNN RESORTS LIMITED","CITADEL SECURITIES LLC"
WYY,"WIDEPOINT CORPCOMMON","CITADEL SECURITIES LLC"
XAIX,"DBX ETF TRXTRACKERS ARTIFI","WOLVERINE TRADING, LLC"
XBI,"SPDR S&P Biotech ETF","CITADEL SECURITIES LLC"
XBIL,"RBB FD INCUS TRSRY 6 MNTH","BELVEDERE TRADING LLC"
XEL,"XCEL ENERGY INC","SUSQUEHANNA SECURITIES, LLC"
XENE,"XENON PHARMACEUTICALS INCCOM","CITADEL SECURITIES LLC"
XERS,"XERIS PHARMACEUTICALS INCCOM","CITADEL SECURITIES LLC"
XGN,"EXAGEN INCCOM","CITADEL SECURITIES LLC"
XHB,"SPDR HOMEBUILDERS ET","WOLVERINE TRADING, LLC"
XIFR,"XPLR Infrastructure, LP","WOLVERINE TRADING, LLC"
XLB,"MATERIALS SS SPDR FD","CITADEL SECURITIES LLC"
XLE,"ENERGY SELECT SPDR","WOLVERINE TRADING, LLC"
XLF,"FINANCIAL SEL SPDR","WOLVERINE TRADING, LLC"
XLG,"INVESCO EXCHANGE TRADED FD TS&P 500 TOP 50","IMC-CHICAGO, LLC"
XLI,"INDUSTRIAL SPDR","WOLVERINE TRADING, LLC"
XLK,"TECHNOLOGY SPDR","WOLVERINE TRADING, LLC"
XLP,"CONSUMER STAP SPDR","WOLVERINE TRADING, LLC"
XLU,"UTILITIES SEL SPDR","SUSQUEHANNA SECURITIES, LLC"
XLV,"HEALTHCARE SS SPDR F","CITADEL SECURITIES LLC"
XLY,"CONSUMER DIS SS SPDR","CITADEL SECURITIES LLC"
XME,"SPDR S&P METALS & MI","SUSQUEHANNA SECURITIES, LLC"
XMTR,"XOMETRY INCCLASS A COM","SUSQUEHANNA SECURITIES, LLC"
XNET,"XUNLEI LIMITED ADR","CITADEL SECURITIES LLC"
XOM,"EXXON MOBIL CP","IMC-CHICAGO, LLC"
XOMA,"XOMA Corporation","CITADEL SECURITIES LLC"
XOP,"ST SPDR O&G E&P ETF","CITADEL SECURITIES LLC"
XP,"XP INCCL A","CITADEL SECURITIES LLC"
XPEL,"XPEL INCCOM","SUSQUEHANNA SECURITIES, LLC"
XPER,"XPERI INCCOMMON STOCK","CITADEL SECURITIES LLC"
XPEV,"XPENG INCADS","CITADEL SECURITIES LLC"
XPO,"XPO LOGISTICS, INC.","WOLVERINE TRADING, LLC"
XPOF,"XPONENTIAL FITNESS INCCOM CL A","CITADEL SECURITIES LLC"
XPRO,"Expro Group Holdings N.V.","WOLVERINE TRADING, LLC"
XRPT,"VOLATILITY SHS TR2X XRP ETF","IMC-CHICAGO, LLC"
XRT,"SPDR RETAIL ETF","WOLVERINE TRADING, LLC"
XRX,"Xerox Holdings Corporation","WOLVERINE TRADING, LLC"
XYZ,"Block, Inc.","CITADEL SECURITIES LLC"
YALA,"YALLA GROUP LTDADS","CITADEL SECURITIES LLC"
YALL,"TIDAL ETF TRGOD BLESS AMER","BELVEDERE TRADING LLC"
YCS,"PROSHS ULTRASHRT YEN","CITADEL SECURITIES LLC"
YELP,"YELP INC.","CITADEL SECURITIES LLC"
YETH,"ROUNDHILL ETF TRUSTETHER CVD CLL ST","IMC-CHICAGO, LLC"
YETI,"YETI HLDGS INCCOM","CITADEL SECURITIES LLC"
YMAB,"Y MABS THERAPEUTICS INCCOM","CITADEL SECURITIES LLC"
YMAX,"TIDAL TR IIYIELDMAX UNIVERS","CITADEL SECURITIES LLC"
YMM,"FULL TRUCK ALLIANCE CO LTDSPONSORED ADS","WOLVERINE TRADING, LLC"
YOU,"CLEAR SECURE INCCOM CL A","CITADEL SECURITIES LLC"
YPF,"Y P F SOCIEDADE ANON","CITADEL SECURITIES LLC"
YRD,"Yiren Digital Ltd.","CITADEL SECURITIES LLC"
YUM,"YUM BRANDS INC","CITADEL SECURITIES LLC"
YUMC,"YUM CHINA HLDGS","WOLVERINE TRADING, LLC"
Z,"ZILLOW GROUP CL C","IMC-CHICAGO, LLC"
ZBH,"ZIMMER BIOMET HLDGS","CITADEL SECURITIES LLC"
ZBIO,"ZENAS BIOPHARMA INCCOM","CITADEL SECURITIES LLC"
ZBRA,"ZEBRA TECHNOLOGIES","CITADEL SECURITIES LLC"
ZENA,"ZENATECH INCCOM NEW","WOLVERINE TRADING, LLC"
ZETA,"ZETA GLOBAL HOLDINGS CORPCL A","CITADEL SECURITIES LLC"
ZG,"ZILLOW GRP INC CL A","CITADEL SECURITIES LLC"
ZGN,"ERMENEGILDO ZEGNA N VORD SHS","SUSQUEHANNA SECURITIES, LLC"
ZH,"ZHIHU INCADS","WOLVERINE TRADING, LLC"
ZIM,"ZIM INTEGRATED SHIPPING SERVSHS","CITADEL SECURITIES LLC"
ZIMV,"ZIMVIE INCCOM","CITADEL SECURITIES LLC"
ZION,"ZIONS BANCORPORATION","SUSQUEHANNA SECURITIES, LLC"
ZIP,"ZIPRECRUITER INCCL A","CITADEL SECURITIES LLC"
ZK,"ZEEKR INTELLIGENT TECHNOLOGYSPON ADS","IMC-CHICAGO, LLC"
ZM,"Zoom Video Communications Inc.","IMC-CHICAGO, LLC"
ZNTL,"ZENTALIS PHARMACEUTICALS INCCOM","CITADEL SECURITIES LLC"
ZS,"Zscaler Inc.","IMC-CHICAGO, LLC"
ZSL,"PROSHARES ULTRA SHT","CITADEL SECURITIES LLC"
ZTS,"ZOETIS INC.","CITADEL SECURITIES LLC"
ZUMZ,"ZUMIEZ INC","CITADEL SECURITIES LLC"
ZURA,"Zura Bio Limited","CITADEL SECURITIES LLC"
ZVIA,"ZEVIA PBCCL A","CITADEL SECURITIES LLC"
ZVRA,"Zevra Therapeutics, Inc","SUSQUEHANNA SECURITIES, LLC"
ZYME,"ZYMEWORKS INCCOM","CITADEL SECURITIES LLC"
